player_name,player_id,team_id,year
Adrienne Goodson,100363,1611661319,2001ps
Allison Feaster,100170,1611661314,2001ps
Amanda Lassiter,100642,1611661316,2001ps
Amy Herrig,100549,1611661319,2001ps
Andrea Nagy,100353,1611661313,2001ps
Andrea Stinson,100059,1611661314,2001ps
Ann Wauters,100445,1611661315,2001ps
Becky Hammon,100342,1611661313,2001ps
Camille Cooper,100652,1611661313,2001ps
Cara Consuegra,100688,1611661319,2001ps
Charlotte Smith,100371,1611661314,2001ps
Chasity Melvin,100433,1611661315,2001ps
Cindy Blodgett,100183,1611661318,2001ps
Clarisse Machanguana,100395,1611661314,2001ps
Coquese Washington,100217,1611661316,2001ps
Crystal Robinson,100345,1611661313,2001ps
Dana Wynne,100545,1611661318,2001ps
Dawn Staley,100372,1611661314,2001ps
DeLisha Milton-Jones,100396,1611661320,2001ps
Debbie Black,100359,1611661326,2001ps
Edna Campbell,100375,1611661318,2001ps
Elena Baranova,100043,1611661326,2001ps
Helen Darling,100457,1611661315,2001ps
Janeth Arcain,100075,1611661316,2001ps
Jennifer Azzi,100382,1611661319,2001ps
Jennifer Rizzotti,100338,1611661315,2001ps
Kara Wolters,100340,1611661318,2001ps
Kate Starbird,100422,1611661319,2001ps
Kedra Holland-Corn,100421,1611661318,2001ps
Keisha Anderson,100553,1611661314,2001ps
Kelley Gibson,100504,1611661316,2001ps
Kelly Miller,100627,1611661314,2001ps
Kisha Ford,100107,1611661326,2001ps
Korie Hlede,100250,1611661319,2001ps
Kristen Rasmussen,100552,1611661326,2001ps
La'Keshia Frett,100393,1611661318,2001ps
LaTonya Johnson,100242,1611661319,2001ps
Lady Grooms,100044,1611661318,2001ps
Latasha Byears,100027,1611661320,2001ps
Lisa Leslie,100003,1611661320,2001ps
Margo Dydek,100239,1611661319,2001ps
Marie Ferdinand-Harris,100685,1611661319,2001ps
Marla Brumfield,100481,1611661326,2001ps
Merlakia Jones,100092,1611661315,2001ps
Mery Andrade,100428,1611661315,2001ps
Mwadi Mabika,100012,1611661320,2001ps
Natalie Williams,100366,1611661319,2001ps
Nicky McCrimmon,100478,1611661320,2001ps
Nicole Levandusky,100653,1611661320,2001ps
Paige Sauer,100479,1611661315,2001ps
Penny Taylor,100634,1611661315,2001ps
Rhonda Mapp,100060,1611661320,2001ps
Rushia Brown,100097,1611661315,2001ps
Ruth Riley,100656,1611661326,2001ps
Ruthie Bolton,100016,1611661318,2001ps
Sandy Brondello,100247,1611661326,2001ps
Shalonda Enis,100350,1611661314,2001ps
Sheri Sam,100416,1611661326,2001ps
Sue Wicks,100104,1611661313,2001ps
Summer Erb,100446,1611661314,2001ps
Tamecka Dixon,100008,1611661320,2001ps
Tamika Whitmore,100347,1611661313,2001ps
Tammy Jackson,100077,1611661316,2001ps
Tammy Sutton-Brown,100628,1611661314,2001ps
Tangela Smith,100236,1611661318,2001ps
Tari Phillips,100413,1611661313,2001ps
Teresa Weatherspoon,100101,1611661313,2001ps
Ticha Penicheiro,100234,1611661318,2001ps
Tiffani Johnson,100233,1611661316,2001ps
Tina Thompson,100076,1611661316,2001ps
Tonya Edwards,100398,1611661314,2001ps
Tracy Reid,100182,1611661326,2001ps
Tricia Bader Binford,100237,1611661315,2001ps
Trisha Stafford-Odom,100427,1611661316,2001ps
Tynesha Lewis,100643,1611661316,2001ps
Ukari Figgs,100392,1611661320,2001ps
Vedrana Grgin Fonseca,100476,1611661320,2001ps
Vickie Johnson,100103,1611661313,2001ps
Wendi Willits,100655,1611661320,2001ps
Yolanda Griffith,100419,1611661318,2001ps
Adia Barnes,100231,1611661328,2002ps
Adrienne Goodson,100363,1611661319,2002ps
Alicia Thompson,100216,1611661325,2002ps
Allison Feaster,100170,1611661314,2002ps
Amanda Lassiter,100642,1611661328,2002ps
Amy Herrig,100549,1611661319,2002ps
Andrea Gardner,100747,1611661319,2002ps
Andrea Stinson,100059,1611661314,2002ps
Annie Burgess,100401,1611661322,2002ps
Asjha Jones,100723,1611661322,2002ps
Becky Hammon,100342,1611661313,2002ps
Bernadette Ngoyisa,100807,1611661313,2002ps
Bridget Pettis,100031,1611661325,2002ps
Camille Cooper,100652,1611661313,2002ps
Chamique Holdsclaw,100356,1611661322,2002ps
Charlotte Smith,100371,1611661314,2002ps
Coco Miller,100690,1611661322,2002ps
Coquese Washington,100217,1611661325,2002ps
Crystal Robinson,100345,1611661313,2002ps
Danielle Crockrom,100730,1611661319,2002ps
Dawn Staley,100372,1611661314,2002ps
DeLisha Milton-Jones,100396,1611661320,2002ps
Erika de Souza,100812,1611661320,2002ps
Erin Perperoglou,100659,1611661314,2002ps
Felicia Ragland,100748,1611661328,2002ps
Grace Daley,100482,1611661316,2002ps
Helen Luz,100694,1611661322,2002ps
Jackie Moore,100680,1611661325,2002ps
Janeth Arcain,100075,1611661316,2002ps
Jennifer Azzi,100382,1611661319,2002ps
Kamila Vodichkova,100544,1611661328,2002ps
Kate Starbird,100422,1611661328,2002ps
Kelley Gibson,100504,1611661316,2002ps
Kelly Miller,100627,1611661314,2002ps
Kelly Schumacher,100648,1611661325,2002ps
Kiesha Brown,100651,1611661322,2002ps
Korie Hlede,100250,1611661313,2002ps
LaTonya Johnson,100242,1611661319,2002ps
Latasha Byears,100027,1611661320,2002ps
Lauren Jackson,100682,1611661328,2002ps
Linda Frohlich,100746,1611661313,2002ps
Lisa Leslie,100003,1611661320,2002ps
Maren Walseth,100681,1611661322,2002ps
Margo Dydek,100239,1611661319,2002ps
Marie Ferdinand-Harris,100685,1611661319,2002ps
Marlies Askamp,100037,1611661320,2002ps
Michelle Marciniak,100570,1611661328,2002ps
Michelle Snow,100729,1611661316,2002ps
Monica Maxwell,100357,1611661325,2002ps
Murriel Page,100199,1611661322,2002ps
Mwadi Mabika,100012,1611661320,2002ps
Nadine Malcolm,100518,1611661325,2002ps
Natalie Williams,100366,1611661319,2002ps
Nicky McCrimmon,100478,1611661320,2002ps
Niele Ivey,100650,1611661325,2002ps
Nikki McCray,100198,1611661325,2002ps
Nikki Teasley,100724,1611661320,2002ps
Olympia Scott,100243,1611661325,2002ps
Rita Williams,100204,1611661316,2002ps
Semeka Randall,100683,1611661319,2002ps
Shalonda Enis,100350,1611661314,2002ps
Sheryl Swoopes,100072,1611661316,2002ps
Simone Edwards,100111,1611661328,2002ps
Sonja Henning,100336,1611661316,2002ps
Sophia Witherspoon,100105,1611661320,2002ps
Stacey Dales,100722,1611661322,2002ps
Sue Bird,100720,1611661328,2002ps
Sue Wicks,100104,1611661313,2002ps
Summer Erb,100446,1611661314,2002ps
Tamecka Dixon,100008,1611661320,2002ps
Tamika Catchings,100646,1611661325,2002ps
Tamika Whitmore,100347,1611661313,2002ps
Tammy Sutton-Brown,100628,1611661314,2002ps
Tari Phillips,100413,1611661313,2002ps
Teresa Weatherspoon,100101,1611661313,2002ps
Tiffani Johnson,100233,1611661316,2002ps
Tina Thompson,100076,1611661316,2002ps
Tonya Edwards,100398,1611661314,2002ps
Tonya Massaline,100557,1611661322,2002ps
Vedrana Grgin Fonseca,100476,1611661320,2002ps
Vickie Johnson,100103,1611661313,2002ps
Vicky Bullett,100058,1611661322,2002ps
Adrienne Johnson,100100,1611661323,2003ps
Allison Feaster,100170,1611661314,2003ps
Andrea Stinson,100059,1611661314,2003ps
Ayana Walker,100740,1611661321,2003ps
Barbara Farris,100494,1611661321,2003ps
Betty Lennox,100484,1611661315,2003ps
Brooke Wyckoff,100667,1611661323,2003ps
Chantelle Anderson,100873,1611661318,2003ps
Charlotte Smith,100371,1611661314,2003ps
Chasity Melvin,100433,1611661315,2003ps
Cheryl Ford,100843,1611661321,2003ps
Dawn Staley,100372,1611661314,2003ps
DeLisha Milton-Jones,100396,1611661320,2003ps
DeMya Walker,100533,1611661318,2003ps
Deanna Jackson,100727,1611661315,2003ps
Deanna Nolan,100639,1611661321,2003ps
Debbie Black,100359,1611661323,2003ps
Dominique Canty,100384,1611661316,2003ps
Edna Campbell,100375,1611661318,2003ps
Elaine Powell,100414,1611661321,2003ps
Hamchetou Maiga-Ba,100731,1611661318,2003ps
Helen Darling,100457,1611661315,2003ps
Janell Burse,100660,1611661324,2003ps
Janeth Arcain,100075,1611661316,2003ps
Jennifer Gillom,100030,1611661320,2003ps
Jennifer Rizzotti,100338,1611661315,2003ps
Jessie Hicks,100048,1611661323,2003ps
Kara Lawson,100874,1611661318,2003ps
Katie Douglas,100666,1611661323,2003ps
Katie Smith,100404,1611661324,2003ps
Kedra Holland-Corn,100421,1611661321,2003ps
Kelley Gibson,100504,1611661316,2003ps
Kelly Miller,100627,1611661314,2003ps
Kristi Harrower,100222,1611661324,2003ps
La'Keshia Frett,100393,1611661318,2003ps
LaToya Thomas,100883,1611661315,2003ps
Lady Grooms,100044,1611661318,2003ps
Lisa Leslie,100003,1611661320,2003ps
Lucienne Berthieu,100739,1611661315,2003ps
Lynn Pride,100530,1611661320,2003ps
Marla Brumfield,100481,1611661314,2003ps
Merlakia Jones,100092,1611661315,2003ps
Michele Van Gorp,100346,1611661324,2003ps
Michelle Snow,100729,1611661316,2003ps
Mwadi Mabika,100012,1611661320,2003ps
Nicky McCrimmon,100478,1611661320,2003ps
Nikki Teasley,100724,1611661320,2003ps
Nykesha Sales,100415,1611661323,2003ps
Octavia Blue,100169,1611661316,2003ps
Penny Taylor,100634,1611661315,2003ps
Pollyanna Johns Kimbrough,100180,1611661315,2003ps
Rebecca Lobo,100002,1611661323,2003ps
Rushia Brown,100097,1611661314,2003ps
Ruth Riley,100656,1611661321,2003ps
Ruthie Bolton,100016,1611661318,2003ps
Shalonda Enis,100350,1611661314,2003ps
Shannon Johnson,100410,1611661323,2003ps
Sheila Lambert,100726,1611661321,2003ps
Sheri Sam,100416,1611661324,2003ps
Sheryl Swoopes,100072,1611661316,2003ps
Sophia Witherspoon,100105,1611661320,2003ps
Stacey Thomas,100532,1611661321,2003ps
Svetlana Abrosimova,100658,1611661324,2003ps
Swin Cash,100721,1611661321,2003ps
Taj McWilliams-Franklin,100412,1611661323,2003ps
Tamecka Dixon,100008,1611661320,2003ps
Tamika Raymond,100725,1611661324,2003ps
Tammy Sutton-Brown,100628,1611661314,2003ps
Tangela Smith,100236,1611661318,2003ps
Teana Miller,100851,1611661314,2003ps
Teresa Edwards,100838,1611661324,2003ps
Ticha Penicheiro,100234,1611661318,2003ps
Tiffani Johnson,100233,1611661316,2003ps
Tina Thompson,100076,1611661316,2003ps
Tracy Henderson,100430,1611661315,2003ps
Tynesha Lewis,100643,1611661314,2003ps
Ukari Figgs,100392,1611661316,2003ps
Vanessa Nygaard,100215,1611661320,2003ps
Wendy Palmer,100046,1611661323,2003ps
Yolanda Griffith,100419,1611661318,2003ps
Adia Barnes,100231,1611661328,2004ps
Aiysha Smith,100860,1611661322,2004ps
Alana Beard,100949,1611661322,2004ps
Alicia Thompson,100216,1611661328,2004ps
Amanda Lassiter,100642,1611661324,2004ps
Amber Jacobs,100935,1611661324,2004ps
Asjha Jones,100723,1611661323,2004ps
Barbara Farris,100494,1611661321,2004ps
Becky Hammon,100342,1611661313,2004ps
Bethany Donaphin,100862,1611661313,2004ps
Betty Lennox,100484,1611661328,2004ps
Candace Futrell,100918,1611661323,2004ps
Chandi Jones,100941,1611661321,2004ps
Chantelle Anderson,100873,1611661318,2004ps
Chasity Melvin,100433,1611661322,2004ps
Cheryl Ford,100843,1611661321,2004ps
Christi Thomas,100930,1611661320,2004ps
Coco Miller,100690,1611661322,2004ps
Crystal Robinson,100345,1611661313,2004ps
DeMya Walker,100533,1611661318,2004ps
DeTrina White,100849,1611661313,2004ps
Deanna Nolan,100639,1611661321,2004ps
Debbie Black,100359,1611661323,2004ps
Doneeka Lewis,100931,1611661320,2004ps
Edna Campbell,100375,1611661318,2004ps
Elaine Powell,100414,1611661321,2004ps
Elena Baranova,100043,1611661313,2004ps
Erin Thorn,100835,1611661313,2004ps
Hamchetou Maiga-Ba,100731,1611661318,2004ps
Helen Darling,100457,1611661324,2004ps
Iciss Tillis,100922,1611661321,2004ps
Janell Burse,100660,1611661328,2004ps
Jessica Brungo,100916,1611661323,2004ps
K.B. Sharp,100834,1611661313,2004ps
Kaayla Chones,100950,1611661322,2004ps
Kamila Vodichkova,100544,1611661328,2004ps
Kara Lawson,100874,1611661318,2004ps
Katie Douglas,100666,1611661323,2004ps
Kiesha Brown,100651,1611661322,2004ps
La'Keshia Frett,100393,1611661313,2004ps
Lady Grooms,100044,1611661318,2004ps
Laura Macchi,100987,1611661320,2004ps
Lauren Jackson,100682,1611661328,2004ps
Le'coe Willingham,100973,1611661323,2004ps
Lindsay Whalen,100915,1611661323,2004ps
Lisa Leslie,100003,1611661320,2004ps
Merlakia Jones,100092,1611661321,2004ps
Michelle Greco,100881,1611661328,2004ps
Murriel Page,100199,1611661322,2004ps
Mwadi Mabika,100012,1611661320,2004ps
Nakia Sanford,100556,1611661322,2004ps
Nicole Ohlde,100932,1611661324,2004ps
Nikki Teasley,100724,1611661320,2004ps
Nykesha Sales,100415,1611661323,2004ps
Rebekkah Brunson,100944,1611661318,2004ps
Ruth Riley,100656,1611661321,2004ps
Ruthie Bolton,100016,1611661318,2004ps
Shameka Christon,100937,1611661313,2004ps
Shaunzinski Gortman,100728,1611661322,2004ps
Sheri Sam,100416,1611661328,2004ps
Simone Edwards,100111,1611661328,2004ps
Stacey Dales,100722,1611661322,2004ps
Stacey Lovelace,100470,1611661324,2004ps
Stacey Thomas,100532,1611661321,2004ps
Sue Bird,100720,1611661328,2004ps
Svetlana Abrosimova,100658,1611661324,2004ps
Taj McWilliams-Franklin,100412,1611661323,2004ps
Tamecka Dixon,100008,1611661320,2004ps
Tamicha Jackson,100496,1611661322,2004ps
Tamika Raymond,100725,1611661324,2004ps
Tamika Whitmore,100347,1611661320,2004ps
Tangela Smith,100236,1611661318,2004ps
Teresa Edwards,100838,1611661324,2004ps
Teresa Weatherspoon,100101,1611661320,2004ps
Ticha Penicheiro,100234,1611661318,2004ps
Tully Bevilaqua,100284,1611661328,2004ps
Vanessa Hayden,100933,1611661324,2004ps
Vickie Johnson,100103,1611661313,2004ps
Wendy Palmer,100046,1611661323,2004ps
Yolanda Griffith,100419,1611661318,2004ps
Alicia Thompson,100216,1611661328,2005ps
Asjha Jones,100723,1611661323,2005ps
Barbara Farris,100494,1611661321,2005ps
Becky Hammon,100342,1611661313,2005ps
Betty Lennox,100484,1611661328,2005ps
Brooke Wyckoff,100667,1611661323,2005ps
Cathrine Kraayeveld,101049,1611661313,2005ps
Chamique Holdsclaw,100356,1611661320,2005ps
Chelsea Newton,101040,1611661318,2005ps
Cheryl Ford,100843,1611661321,2005ps
Christi Thomas,100930,1611661320,2005ps
Crystal Robinson,100345,1611661313,2005ps
Dawn Staley,100372,1611661316,2005ps
DeMya Walker,100533,1611661318,2005ps
Deanna Jackson,100727,1611661325,2005ps
Deanna Nolan,100639,1611661321,2005ps
Dominique Canty,100384,1611661316,2005ps
Doneeka Lewis,100931,1611661320,2005ps
Edniesha Curry,100760,1611661320,2005ps
Elena Baranova,100043,1611661313,2005ps
Erin Thorn,100835,1611661313,2005ps
Francesca Zara,101103,1611661328,2005ps
Hamchetou Maiga-Ba,100731,1611661318,2005ps
Iziane Castro Marques,100796,1611661328,2005ps
Jamie Carey,101053,1611661323,2005ps
Janell Burse,100660,1611661328,2005ps
Janeth Arcain,100075,1611661316,2005ps
Jennifer Derevjanik,100975,1611661323,2005ps
Jurgita Streimikyte,101006,1611661325,2005ps
Kara Braxton,101025,1611661321,2005ps
Kara Lawson,100874,1611661318,2005ps
Katie Douglas,100666,1611661323,2005ps
Katie Smith,100404,1611661321,2005ps
Kelly Miller,100627,1611661325,2005ps
Kelly Schumacher,100648,1611661325,2005ps
Kristin Haynie,101027,1611661318,2005ps
La'Keshia Frett,100393,1611661313,2005ps
Laura Macchi,100987,1611661320,2005ps
Lauren Jackson,100682,1611661328,2005ps
Le'coe Willingham,100973,1611661323,2005ps
Lindsay Whalen,100915,1611661323,2005ps
Lisa Leslie,100003,1611661320,2005ps
Margo Dydek,100239,1611661323,2005ps
Michelle Snow,100729,1611661316,2005ps
Mwadi Mabika,100012,1611661320,2005ps
Natalia Vodopyanova,101062,1611661328,2005ps
Natalie Williams,100366,1611661325,2005ps
Nicole Powell,100919,1611661318,2005ps
Nikki Teasley,100724,1611661320,2005ps
Nykesha Sales,100415,1611661323,2005ps
Olympia Scott,100243,1611661318,2005ps
Plenette Pierson,100888,1611661321,2005ps
Raffaella Masciadri,100988,1611661320,2005ps
Rebekkah Brunson,100944,1611661318,2005ps
Ruth Riley,100656,1611661321,2005ps
Sancho Lyttle,101023,1611661316,2005ps
Shameka Christon,100937,1611661313,2005ps
Sheryl Swoopes,100072,1611661316,2005ps
Simone Edwards,100111,1611661328,2005ps
Sue Bird,100720,1611661328,2005ps
Suzy Batkovic-Brown,100878,1611661328,2005ps
Swin Cash,100721,1611661321,2005ps
Taj McWilliams-Franklin,100412,1611661323,2005ps
Tamecka Dixon,100008,1611661320,2005ps
Tamika Catchings,100646,1611661325,2005ps
Tamika Whitmore,100347,1611661320,2005ps
Tan White,101020,1611661325,2005ps
Tanisha Wright,101030,1611661328,2005ps
Tari Phillips,100413,1611661316,2005ps
Ticha Penicheiro,100234,1611661318,2005ps
Tina Thompson,100076,1611661316,2005ps
Tully Bevilaqua,100284,1611661325,2005ps
Vickie Johnson,100103,1611661313,2005ps
Yolanda Griffith,100419,1611661318,2005ps
Alana Beard,100949,1611661322,2006ps
Anastasia Kostaki,100786,1611661316,2006ps
Angelina Williams,101036,1611661321,2006ps
Anna DeForge,100493,1611661325,2006ps
Asjha Jones,100723,1611661323,2006ps
Barbara Turner,200681,1611661328,2006ps
Betty Lennox,100484,1611661328,2006ps
Chamique Holdsclaw,100356,1611661320,2006ps
Chasity Melvin,100433,1611661322,2006ps
Cheryl Ford,100843,1611661321,2006ps
Christi Thomas,100930,1611661320,2006ps
Coco Miller,100690,1611661322,2006ps
Crystal Robinson,100345,1611661322,2006ps
Dawn Staley,100372,1611661316,2006ps
DeLisha Milton-Jones,100396,1611661322,2006ps
DeMya Walker,100533,1611661318,2006ps
Deanna Nolan,100639,1611661321,2006ps
Dominique Canty,100384,1611661316,2006ps
Doneeka Lewis,100931,1611661320,2006ps
Ebony Hoffman,100928,1611661325,2006ps
Edwige Lawson-Wade,101018,1611661328,2006ps
Elaine Powell,100414,1611661321,2006ps
Erin Perperoglou,100659,1611661318,2006ps
Erin Phillips,101039,1611661323,2006ps
Hamchetou Maiga-Ba,100731,1611661318,2006ps
Iziane Castro Marques,100796,1611661328,2006ps
Jacqueline Batteast,101035,1611661321,2006ps
Jamie Carey,101053,1611661323,2006ps
Janell Burse,100660,1611661328,2006ps
Jessica Moore,101042,1611661320,2006ps
Kara Braxton,101025,1611661321,2006ps
Kara Lawson,100874,1611661318,2006ps
Katie Douglas,100666,1611661323,2006ps
Katie Smith,100404,1611661321,2006ps
Kedra Holland-Corn,100421,1611661321,2006ps
Kim Smith,200683,1611661318,2006ps
Kristin Haynie,101027,1611661318,2006ps
La'Tangela Atkinson,200679,1611661325,2006ps
Laura Summerton,101012,1611661323,2006ps
Lauren Jackson,100682,1611661328,2006ps
Le'coe Willingham,100973,1611661323,2006ps
Lindsay Whalen,100915,1611661323,2006ps
Lisa Leslie,100003,1611661320,2006ps
Lisa Willis,200675,1611661320,2006ps
Margo Dydek,100239,1611661323,2006ps
Megan Mahoney,101056,1611661323,2006ps
Michelle Snow,100729,1611661316,2006ps
Mistie Bass,200691,1611661316,2006ps
Murriel Page,100199,1611661320,2006ps
Mwadi Mabika,100012,1611661320,2006ps
Nakia Sanford,100556,1611661322,2006ps
Nicole Powell,100919,1611661318,2006ps
Nikki Blue,200689,1611661322,2006ps
Nikki Teasley,100724,1611661322,2006ps
Nykesha Sales,100415,1611661323,2006ps
Olympia Scott,100243,1611661325,2006ps
Plenette Pierson,100888,1611661321,2006ps
Rebekkah Brunson,100944,1611661318,2006ps
Roneeka Hodges,101033,1611661316,2006ps
Ruth Riley,100656,1611661321,2006ps
Sancho Lyttle,101023,1611661316,2006ps
Scholanda Dorrell,200684,1611661318,2006ps
Sheryl Swoopes,100072,1611661316,2006ps
Sue Bird,100720,1611661328,2006ps
Swin Cash,100721,1611661321,2006ps
Taj McWilliams-Franklin,100412,1611661323,2006ps
Tamara Moore,100734,1611661320,2006ps
Tamecka Dixon,100008,1611661316,2006ps
Tamika Catchings,100646,1611661325,2006ps
Tamika Whitmore,100347,1611661325,2006ps
Tan White,101020,1611661325,2006ps
Tanisha Wright,101030,1611661328,2006ps
Temeka Johnson,101024,1611661320,2006ps
Ticha Penicheiro,100234,1611661318,2006ps
Tiffani Johnson,100233,1611661328,2006ps
Tina Thompson,100076,1611661316,2006ps
Tully Bevilaqua,100284,1611661325,2006ps
Yolanda Griffith,100419,1611661318,2006ps
Zane Tamane,200705,1611661322,2006ps
Adrian Williams-Strong,100526,1611661318,2007ps
Alison Bales,201054,1611661325,2007ps
Ann Strother,200685,1611661325,2007ps
Anna DeForge,100493,1611661325,2007ps
Ashley Battle,101047,1611661313,2007ps
Ashley Robinson,100942,1611661328,2007ps
Asjha Jones,100723,1611661323,2007ps
Astou Ndiaye-Diatta,100387,1611661328,2007ps
Ayana Walker,100740,1611661321,2007ps
Barbara Farris,100494,1611661313,2007ps
Becky Hammon,100342,1611661319,2007ps
Belinda Snell,100696,1611661317,2007ps
Betty Lennox,100484,1611661328,2007ps
Camille Smith,201067,1611661319,2007ps
Cappie Pondexter,200665,1611661317,2007ps
Cathrine Kraayeveld,101049,1611661313,2007ps
Chantelle Anderson,100873,1611661319,2007ps
Chelsea Newton,101040,1611661318,2007ps
Cheryl Ford,100843,1611661321,2007ps
Deanna Nolan,100639,1611661321,2007ps
Diana Taurasi,100940,1611661317,2007ps
Ebony Hoffman,100928,1611661325,2007ps
Elaine Powell,100414,1611661321,2007ps
Erika de Souza,100812,1611661323,2007ps
Erin Thorn,100835,1611661313,2007ps
Evanthia Maltsi,201140,1611661323,2007ps
Helen Darling,100457,1611661319,2007ps
Ivory Latta,201056,1611661321,2007ps
Iziane Castro Marques,100796,1611661328,2007ps
Jamie Carey,101053,1611661323,2007ps
Janel McCarville,101019,1611661313,2007ps
Jennifer Lacy,101080,1611661317,2007ps
Jessica Davenport,201047,1611661313,2007ps
K.B. Sharp,100834,1611661325,2007ps
Kara Braxton,101025,1611661321,2007ps
Kara Lawson,100874,1611661318,2007ps
Katie Douglas,100666,1611661323,2007ps
Katie Gearlds,201052,1611661328,2007ps
Katie Mattera,101026,1611661321,2007ps
Katie Smith,100404,1611661321,2007ps
Kelly Mazzante,100920,1611661317,2007ps
Kelly Miller,100627,1611661317,2007ps
Kelly Schumacher,100648,1611661317,2007ps
Kendra Wecker,101022,1611661319,2007ps
Kristen Rasmussen,100552,1611661323,2007ps
Kristin Haynie,101027,1611661318,2007ps
La'Tangela Atkinson,200679,1611661318,2007ps
Lauren Jackson,100682,1611661328,2007ps
Le'coe Willingham,100973,1611661323,2007ps
Linda Frohlich,100746,1611661318,2007ps
Lindsay Whalen,100915,1611661323,2007ps
Lisa Willis,200675,1611661313,2007ps
Loree Moore,101028,1611661313,2007ps
Margo Dydek,100239,1611661323,2007ps
Marie Ferdinand-Harris,100685,1611661319,2007ps
Megan Mahoney,101056,1611661323,2007ps
Nicole Powell,100919,1611661318,2007ps
Nykesha Sales,100415,1611661323,2007ps
Olympia Scott,100243,1611661317,2007ps
Penny Taylor,100634,1611661317,2007ps
Plenette Pierson,100888,1611661321,2007ps
Rebekkah Brunson,100944,1611661318,2007ps
Ruth Riley,100656,1611661319,2007ps
Sandora Irvin,101021,1611661319,2007ps
Scholanda Dorrell,200684,1611661318,2007ps
Shameka Christon,100937,1611661313,2007ps
Shanna Zolman,200686,1611661319,2007ps
Shannon Johnson,100410,1611661321,2007ps
Shay Doron,201063,1611661313,2007ps
Sheri Sam,100416,1611661325,2007ps
Sophia Young-Malcolm,200674,1611661319,2007ps
Sue Bird,100720,1611661328,2007ps
Swin Cash,100721,1611661321,2007ps
Tamika Catchings,100646,1611661325,2007ps
Tamika Whitmore,100347,1611661325,2007ps
Tammy Sutton-Brown,100628,1611661325,2007ps
Tan White,101020,1611661325,2007ps
Tangela Smith,100236,1611661317,2007ps
Tanisha Wright,101030,1611661328,2007ps
Ticha Penicheiro,100234,1611661318,2007ps
Tiffany Jackson,201050,1611661313,2007ps
Tully Bevilaqua,100284,1611661325,2007ps
Vickie Johnson,100103,1611661319,2007ps
Wendy Palmer,100046,1611661328,2007ps
Yolanda Griffith,100419,1611661318,2007ps
A'Quonesia Franklin,201510,1611661318,2008ps
Adrian Williams-Strong,100526,1611661318,2008ps
Alexis Hornbuckle,201487,1611661321,2008ps
Allison Feaster,100170,1611661325,2008ps
Amber Holt,201483,1611661323,2008ps
Ann Wauters,100445,1611661319,2008ps
Ashley Battle,101047,1611661313,2008ps
Ashley Robinson,100942,1611661328,2008ps
Ashley Shields,201053,1611661321,2008ps
Asjha Jones,100723,1611661323,2008ps
Barbara Turner,200681,1611661323,2008ps
Becky Hammon,100342,1611661319,2008ps
Camille Smith,201067,1611661328,2008ps
Candace Parker,201496,1611661320,2008ps
Cathrine Kraayeveld,101049,1611661313,2008ps
Chelsea Newton,101040,1611661318,2008ps
Crystal Kelly,201494,1611661318,2008ps
DeLisha Milton-Jones,100396,1611661320,2008ps
DeMya Walker,100533,1611661318,2008ps
Deanna Nolan,100639,1611661321,2008ps
Doneeka Lewis,100931,1611661325,2008ps
Ebony Hoffman,100928,1611661325,2008ps
Edwige Lawson-Wade,101018,1611661319,2008ps
Elaine Powell,100414,1611661321,2008ps
Erin Perperoglou,100659,1611661319,2008ps
Erin Phillips,101039,1611661323,2008ps
Erin Thorn,100835,1611661313,2008ps
Erlana Larkins,201503,1611661313,2008ps
Essence Carson,201502,1611661313,2008ps
Helen Darling,100457,1611661319,2008ps
Janel McCarville,101019,1611661313,2008ps
Jessica Davenport,201047,1611661313,2008ps
Jessica Moore,101042,1611661320,2008ps
Kara Braxton,101025,1611661321,2008ps
Kara Lawson,100874,1611661318,2008ps
Katie Douglas,100666,1611661325,2008ps
Katie Gearlds,201052,1611661328,2008ps
Katie Smith,100404,1611661321,2008ps
Kelly Santos,100640,1611661328,2008ps
Kelly Schumacher,100648,1611661321,2008ps
Kerri Gardin,200704,1611661323,2008ps
Khadijah Whittington,201495,1611661325,2008ps
Kiesha Brown,100651,1611661320,2008ps
Kimberly Beck,201517,1611661328,2008ps
Kristen Mann,101029,1611661325,2008ps
Laura Harper,201509,1611661318,2008ps
Leilani Mitchell,201507,1611661313,2008ps
Lindsay Whalen,100915,1611661323,2008ps
Lisa Leslie,100003,1611661320,2008ps
Lisa Willis,200675,1611661313,2008ps
Loree Moore,101028,1611661313,2008ps
Marie Ferdinand-Harris,100685,1611661320,2008ps
Morenike Atunrase,201478,1611661319,2008ps
Murriel Page,100199,1611661320,2008ps
Nicole Powell,100919,1611661318,2008ps
Olayinka Sanni,201489,1611661321,2008ps
Plenette Pierson,100888,1611661321,2008ps
Raffaella Masciadri,100988,1611661320,2008ps
Ruth Riley,100656,1611661319,2008ps
Sandora Irvin,101021,1611661319,2008ps
Sandrine Gruda,201058,1611661323,2008ps
Scholanda Dorrell,200684,1611661318,2008ps
Shameka Christon,100937,1611661313,2008ps
Shannon Bobbitt,201497,1611661320,2008ps
Sheri Sam,100416,1611661321,2008ps
Sheryl Swoopes,100072,1611661328,2008ps
Sidney Spencer,201086,1611661320,2008ps
Sophia Young-Malcolm,200674,1611661319,2008ps
Sue Bird,100720,1611661328,2008ps
Svetlana Abrosimova,100658,1611661323,2008ps
Swin Cash,100721,1611661328,2008ps
Taj McWilliams-Franklin,100412,1611661321,2008ps
Tamika Catchings,100646,1611661325,2008ps
Tamika Raymond,100725,1611661323,2008ps
Tamika Whitmore,100347,1611661323,2008ps
Tammy Sutton-Brown,100628,1611661325,2008ps
Tan White,101020,1611661325,2008ps
Tanisha Wright,101030,1611661328,2008ps
Temeka Johnson,101024,1611661320,2008ps
Ticha Penicheiro,100234,1611661318,2008ps
Tully Bevilaqua,100284,1611661325,2008ps
Vickie Johnson,100103,1611661319,2008ps
Yolanda Griffith,100419,1611661328,2008ps
Alana Beard,100949,1611661322,2009ps
Alexis Hornbuckle,201487,1611661321,2009ps
Angel McCoughtry,201881,1611661330,2009ps
Ann Wauters,100445,1611661319,2009ps
Armintie Herrington,201048,1611661330,2009ps
Ashley Robinson,100942,1611661328,2009ps
Becky Hammon,100342,1611661319,2009ps
Belinda Snell,100696,1611661319,2009ps
Betty Lennox,100484,1611661320,2009ps
Briann January,201896,1611661325,2009ps
Brooke Smith,201084,1611661317,2009ps
Camille Smith,201067,1611661328,2009ps
Candace Parker,201496,1611661320,2009ps
Cappie Pondexter,200665,1611661317,2009ps
Chamique Holdsclaw,100356,1611661330,2009ps
Chasity Melvin,100433,1611661322,2009ps
Cheryl Ford,100843,1611661321,2009ps
Christina Wirth,201917,1611661325,2009ps
Coco Miller,100690,1611661330,2009ps
Crystal Langhorne,201518,1611661322,2009ps
DeLisha Milton-Jones,100396,1611661320,2009ps
DeWanna Bonner,201886,1611661317,2009ps
Deanna Nolan,100639,1611661321,2009ps
Diana Taurasi,100940,1611661317,2009ps
Ebony Hoffman,100928,1611661325,2009ps
Edwige Lawson-Wade,101018,1611661319,2009ps
Erika de Souza,100812,1611661330,2009ps
Erin Perperoglou,100659,1611661319,2009ps
Helen Darling,100457,1611661319,2009ps
Ivory Latta,201056,1611661330,2009ps
Iziane Castro Marques,100796,1611661330,2009ps
Janell Burse,100660,1611661328,2009ps
Jennifer Lacy,101080,1611661330,2009ps
Jessica Davenport,201047,1611661325,2009ps
Jessica Moore,101042,1611661325,2009ps
Kara Braxton,101025,1611661321,2009ps
Katie Douglas,100666,1611661325,2009ps
Kelly Mazzante,100920,1611661317,2009ps
Ketia Swanier,201484,1611661317,2009ps
Kristen Mann,101029,1611661322,2009ps
Kristi Harrower,100222,1611661320,2009ps
Le'coe Willingham,100973,1611661317,2009ps
Lindsey Harding,201046,1611661322,2009ps
Lisa Leslie,100003,1611661320,2009ps
Marie Ferdinand-Harris,100685,1611661320,2009ps
Marissa Coleman,201889,1611661322,2009ps
Matee Ajavon,201492,1611661322,2009ps
Megan Frazee,201892,1611661319,2009ps
Michelle Snow,100729,1611661330,2009ps
Monique Currie,200673,1611661322,2009ps
Nakia Sanford,100556,1611661322,2009ps
Nicole Ohlde,100932,1611661317,2009ps
Nikki Teasley,100724,1611661321,2009ps
Noelle Quinn,201049,1611661320,2009ps
Olayinka Sanni,201489,1611661321,2009ps
Penny Taylor,100634,1611661317,2009ps
Ruth Riley,100656,1611661319,2009ps
Sancho Lyttle,101023,1611661330,2009ps
Shanna Zolman,200686,1611661319,2009ps
Shannon Bobbitt,201497,1611661320,2009ps
Shannon Johnson,100410,1611661328,2009ps
Shavonte Zellous,201919,1611661321,2009ps
Shay Murphy,201062,1611661325,2009ps
Sophia Young-Malcolm,200674,1611661319,2009ps
Sue Bird,100720,1611661328,2009ps
Suzy Batkovic-Brown,100878,1611661328,2009ps
Swin Cash,100721,1611661328,2009ps
Taj McWilliams-Franklin,100412,1611661321,2009ps
Tamecka Dixon,100008,1611661325,2009ps
Tamika Catchings,100646,1611661325,2009ps
Tammy Sutton-Brown,100628,1611661325,2009ps
Tangela Smith,100236,1611661317,2009ps
Tanisha Wright,101030,1611661328,2009ps
Temeka Johnson,101024,1611661317,2009ps
Tina Thompson,100076,1611661320,2009ps
Tully Bevilaqua,100284,1611661325,2009ps
Vickie Johnson,100103,1611661319,2009ps
Alison Bales,201054,1611661330,2010ps
Andrea Riley,202315,1611661320,2010ps
Angel McCoughtry,201881,1611661330,2010ps
Armintie Herrington,201048,1611661330,2010ps
Ashley Battle,101047,1611661319,2010ps
Ashley Robinson,100942,1611661328,2010ps
Becky Hammon,100342,1611661319,2010ps
Briann January,201896,1611661325,2010ps
Brittainey Raven,202283,1611661330,2010ps
Brooke Smith,201084,1611661317,2010ps
Camille Smith,201067,1611661328,2010ps
Candice Dupree,200676,1611661317,2010ps
Cappie Pondexter,200665,1611661313,2010ps
Chasity Melvin,100433,1611661322,2010ps
Coco Miller,100690,1611661330,2010ps
Crystal Kelly,201494,1611661319,2010ps
Crystal Langhorne,201518,1611661322,2010ps
DeLisha Milton-Jones,100396,1611661320,2010ps
DeWanna Bonner,201886,1611661317,2010ps
Diana Taurasi,100940,1611661317,2010ps
Ebony Hoffman,100928,1611661325,2010ps
Edwige Lawson-Wade,101018,1611661319,2010ps
Erika de Souza,100812,1611661330,2010ps
Essence Carson,201502,1611661313,2010ps
Helen Darling,100457,1611661319,2010ps
Iziane Castro Marques,100796,1611661330,2010ps
Jana Vesela,202239,1611661328,2010ps
Janel McCarville,101019,1611661313,2010ps
Jayne Appel Marinelli,202251,1611661319,2010ps
Jessica Davenport,201047,1611661325,2010ps
Jessica Moore,101042,1611661325,2010ps
Kalana Greene,202253,1611661313,2010ps
Kara Braxton,101025,1611661317,2010ps
Katie Douglas,100666,1611661325,2010ps
Katie Smith,100404,1611661322,2010ps
Kelly Miller,100627,1611661330,2010ps
Ketia Swanier,201484,1611661317,2010ps
Kia Vaughn,201913,1611661313,2010ps
Kristi Toliver,201911,1611661320,2010ps
Lauren Jackson,100682,1611661328,2010ps
Le'coe Willingham,100973,1611661328,2010ps
Leilani Mitchell,201507,1611661313,2010ps
Lindsay Wisdom-Hylton,201918,1611661320,2010ps
Lindsey Harding,201046,1611661322,2010ps
Marie Ferdinand-Harris,100685,1611661320,2010ps
Marissa Coleman,201889,1611661322,2010ps
Matee Ajavon,201492,1611661322,2010ps
Michelle Snow,100729,1611661319,2010ps
Monique Currie,200673,1611661322,2010ps
Nakia Sanford,100556,1611661322,2010ps
Nicole Powell,100919,1611661313,2010ps
Noelle Quinn,201049,1611661320,2010ps
Penny Taylor,100634,1611661317,2010ps
Plenette Pierson,100888,1611661313,2010ps
Roneeka Hodges,101033,1611661319,2010ps
Ruth Riley,100656,1611661319,2010ps
Sancho Lyttle,101023,1611661330,2010ps
Shalee Lehning,201898,1611661330,2010ps
Shavonte Zellous,201919,1611661325,2010ps
Sidney Spencer,201086,1611661313,2010ps
Sophia Young-Malcolm,200674,1611661319,2010ps
Sue Bird,100720,1611661328,2010ps
Svetlana Abrosimova,100658,1611661328,2010ps
Swin Cash,100721,1611661328,2010ps
Taj McWilliams-Franklin,100412,1611661313,2010ps
Tamika Catchings,100646,1611661325,2010ps
Tammy Sutton-Brown,100628,1611661325,2010ps
Tangela Smith,100236,1611661317,2010ps
Tanisha Wright,101030,1611661328,2010ps
Taylor Lilley,202316,1611661317,2010ps
Temeka Johnson,101024,1611661317,2010ps
Ticha Penicheiro,100234,1611661320,2010ps
Tina Thompson,100076,1611661320,2010ps
Tully Bevilaqua,100284,1611661325,2010ps
Yelena Leuchanka,200715,1611661330,2010ps
Alex Montgomery,202652,1611661313,2011ps
Alexis Gray-Lawson,202280,1611661317,2011ps
Alexis Hornbuckle,201487,1611661324,2011ps
Alison Bales,201054,1611661330,2011ps
Allie Quigley,201516,1611661328,2011ps
Allison Hightower,202255,1611661323,2011ps
Amber Harris,202644,1611661324,2011ps
Angel McCoughtry,201881,1611661330,2011ps
Armintie Herrington,201048,1611661330,2011ps
Ashley Robinson,100942,1611661328,2011ps
Asjha Jones,100723,1611661323,2011ps
Becky Hammon,100342,1611661319,2011ps
Belinda Snell,100696,1611661328,2011ps
Camille Smith,201067,1611661328,2011ps
Candice Dupree,200676,1611661317,2011ps
Candice Wiggins,201499,1611661324,2011ps
Cappie Pondexter,200665,1611661313,2011ps
Charde Houston,201501,1611661324,2011ps
Coco Miller,100690,1611661330,2011ps
Courtney Paris,201907,1611661330,2011ps
Danielle Adams,202634,1611661319,2011ps
Danielle McCray,202263,1611661323,2011ps
Danielle Robinson,202658,1611661319,2011ps
DeWanna Bonner,201886,1611661317,2011ps
Diana Taurasi,100940,1611661317,2011ps
Erika de Souza,100812,1611661330,2011ps
Erin Phillips,101039,1611661325,2011ps
Essence Carson,201502,1611661313,2011ps
Ewelina Kobryn,202318,1611661328,2011ps
Iziane Castro Marques,100796,1611661330,2011ps
Jayne Appel Marinelli,202251,1611661319,2011ps
Jeanette Pohlen-Mavunga,202656,1611661325,2011ps
Jessica Adair,201882,1611661324,2011ps
Jessica Davenport,201047,1611661325,2011ps
Jessica Moore,101042,1611661323,2011ps
Jia Perkins,100952,1611661319,2011ps
Kalana Greene,202253,1611661323,2011ps
Kara Braxton,101025,1611661313,2011ps
Kara Lawson,100874,1611661323,2011ps
Katie Douglas,100666,1611661325,2011ps
Katie Smith,100404,1611661328,2011ps
Kelsey Griffin,202254,1611661323,2011ps
Ketia Swanier,201484,1611661317,2011ps
Kia Vaughn,201913,1611661313,2011ps
Krystal Thomas,202663,1611661317,2011ps
Lauren Jackson,100682,1611661328,2011ps
Le'coe Willingham,100973,1611661328,2011ps
Leilani Mitchell,201507,1611661313,2011ps
Lindsay Whalen,100915,1611661324,2011ps
Lindsey Harding,201046,1611661330,2011ps
Marie Ferdinand-Harris,100685,1611661317,2011ps
Maya Moore,202632,1611661324,2011ps
Monica Wright,202257,1611661324,2011ps
Nakia Sanford,100556,1611661317,2011ps
Nicole Powell,100919,1611661313,2011ps
Penny Taylor,100634,1611661317,2011ps
Plenette Pierson,100888,1611661313,2011ps
Porsha Phillips,202654,1611661319,2011ps
Quanitra Hollingsworth,201895,1611661313,2011ps
Rebekkah Brunson,100944,1611661324,2011ps
Renee Montgomery,201904,1611661323,2011ps
Roneeka Hodges,101033,1611661319,2011ps
Ruth Riley,100656,1611661319,2011ps
Sancho Lyttle,101023,1611661330,2011ps
Sandora Irvin,101021,1611661330,2011ps
Scholanda Dorrell,200684,1611661319,2011ps
Seimone Augustus,200671,1611661324,2011ps
Shannon Bobbitt,201497,1611661325,2011ps
Shavonte Zellous,201919,1611661325,2011ps
Shyra Ely-Gash,101032,1611661325,2011ps
Sidney Spencer,201086,1611661317,2011ps
Sophia Young-Malcolm,200674,1611661319,2011ps
Sue Bird,100720,1611661328,2011ps
Swin Cash,100721,1611661328,2011ps
Taj McWilliams-Franklin,100412,1611661324,2011ps
Tamika Catchings,100646,1611661325,2011ps
Tammy Sutton-Brown,100628,1611661325,2011ps
Tan White,101020,1611661323,2011ps
Tangela Smith,100236,1611661325,2011ps
Tanisha Wright,101030,1611661328,2011ps
Temeka Johnson,101024,1611661317,2011ps
Tina Charles,202250,1611661323,2011ps
Tully Bevilaqua,100284,1611661319,2011ps
Alana Beard,100949,1611661320,2012ps
Alex Montgomery,202652,1611661313,2012ps
Allison Hightower,202255,1611661323,2012ps
Amber Harris,202644,1611661324,2012ps
Aneika Morello,202623,1611661330,2012ps
Angel McCoughtry,201881,1611661330,2012ps
Ann Wauters,100445,1611661328,2012ps
April Sykes,203040,1611661320,2012ps
Armintie Herrington,201048,1611661330,2012ps
Asjha Jones,100723,1611661323,2012ps
Becky Hammon,100342,1611661319,2012ps
Briann January,201896,1611661325,2012ps
Camille Smith,201067,1611661328,2012ps
Candace Parker,201496,1611661320,2012ps
Candice Wiggins,201499,1611661324,2012ps
Cappie Pondexter,200665,1611661313,2012ps
Cathrine Kraayeveld,101049,1611661330,2012ps
Danielle Adams,202634,1611661319,2012ps
Danielle McCray,202263,1611661323,2012ps
Danielle Robinson,202658,1611661319,2012ps
DeLisha Milton-Jones,100396,1611661320,2012ps
DeMya Walker,100533,1611661313,2012ps
Devereaux Peters,203016,1611661324,2012ps
Erika de Souza,100812,1611661330,2012ps
Erin Phillips,101039,1611661325,2012ps
Erin Thorn,100835,1611661324,2012ps
Erlana Larkins,201503,1611661325,2012ps
Essence Carson,201502,1611661313,2012ps
Jantel Lavender,202650,1611661320,2012ps
Jayne Appel Marinelli,202251,1611661319,2012ps
Jeanette Pohlen-Mavunga,202656,1611661325,2012ps
Jenna O'Hea,202626,1611661320,2012ps
Jessica Adair,201882,1611661324,2012ps
Jessica Davenport,201047,1611661325,2012ps
Jia Perkins,100952,1611661319,2012ps
Kalana Greene,202253,1611661323,2012ps
Kara Braxton,101025,1611661313,2012ps
Kara Lawson,100874,1611661323,2012ps
Karima Christmas-Kelly,202640,1611661325,2012ps
Katie Douglas,100666,1611661325,2012ps
Katie Smith,100404,1611661328,2012ps
Kelsey Griffin,202254,1611661323,2012ps
Ketia Swanier,201484,1611661330,2012ps
Kia Vaughn,201913,1611661313,2012ps
Kristi Toliver,201911,1611661320,2012ps
Lauren Jackson,100682,1611661328,2012ps
Leilani Mitchell,201507,1611661313,2012ps
Lindsay Whalen,100915,1611661324,2012ps
Lindsey Harding,201046,1611661330,2012ps
Marissa Coleman,201889,1611661320,2012ps
Maya Moore,202632,1611661324,2012ps
Mistie Bass,200691,1611661323,2012ps
Monica Wright,202257,1611661324,2012ps
Nicky Anosike,201500,1611661320,2012ps
Nicole Powell,100919,1611661313,2012ps
Nneka Ogwumike,203014,1611661320,2012ps
Plenette Pierson,100888,1611661313,2012ps
Rebekkah Brunson,100944,1611661324,2012ps
Renee Montgomery,201904,1611661323,2012ps
Sancho Lyttle,101023,1611661330,2012ps
Seimone Augustus,200671,1611661324,2012ps
Shameka Christon,100937,1611661319,2012ps
Shavonte Zellous,201919,1611661325,2012ps
Shekinna Stricklen,203015,1611661328,2012ps
Shenise Johnson,203018,1611661319,2012ps
Sophia Young-Malcolm,200674,1611661319,2012ps
Sue Bird,100720,1611661328,2012ps
Svetlana Abrosimova,100658,1611661328,2012ps
Taj McWilliams-Franklin,100412,1611661324,2012ps
Tamika Catchings,100646,1611661325,2012ps
Tammy Sutton-Brown,100628,1611661325,2012ps
Tan White,101020,1611661323,2012ps
Tangela Smith,100236,1611661319,2012ps
Tanisha Wright,101030,1611661328,2012ps
Tiffany Hayes,203026,1611661330,2012ps
Tina Charles,202250,1611661323,2012ps
Tina Thompson,100076,1611661328,2012ps
Alana Beard,100949,1611661320,2013ps
Alex Bentley,203410,1611661330,2013ps
Alexis Hornbuckle,201487,1611661317,2013ps
Allie Quigley,201516,1611661329,2013ps
Alysha Clark,202252,1611661328,2013ps
Amber Harris,202644,1611661324,2013ps
Aneika Morello,202623,1611661330,2013ps
Angel McCoughtry,201881,1611661330,2013ps
Armintie Herrington,201048,1611661330,2013ps
Avery Warley-Talbert,203069,1611661329,2013ps
Briana Butler,203046,1611661317,2013ps
Briann January,201896,1611661325,2013ps
Brittney Griner,203398,1611661317,2013ps
Camille Smith,201067,1611661328,2013ps
Candace Parker,201496,1611661320,2013ps
Candice Dupree,200676,1611661317,2013ps
Charde Houston,201501,1611661317,2013ps
Courtney Clements,203451,1611661330,2013ps
Courtney Vandersloot,202664,1611661329,2013ps
Crystal Langhorne,201518,1611661322,2013ps
DeWanna Bonner,201886,1611661317,2013ps
Devereaux Peters,203016,1611661324,2013ps
Diana Taurasi,100940,1611661317,2013ps
Elena Delle Donne,203399,1611661329,2013ps
Emma Meesseman,203416,1611661322,2013ps
Epiphanny Prince,202259,1611661329,2013ps
Erika de Souza,100812,1611661330,2013ps
Erin Phillips,101039,1611661325,2013ps
Erlana Larkins,201503,1611661325,2013ps
Ivory Latta,201056,1611661322,2013ps
Janel McCarville,101019,1611661324,2013ps
Jantel Lavender,202650,1611661320,2013ps
Jasmine Hassell,203418,1611661325,2013ps
Jasmine James,203427,1611661317,2013ps
Jasmine Thomas,202662,1611661330,2013ps
Jeanette Pohlen-Mavunga,202656,1611661325,2013ps
Jenna O'Hea,202626,1611661320,2013ps
Joslyn Tinkle,203555,1611661328,2013ps
Karima Christmas-Kelly,202640,1611661325,2013ps
Kia Vaughn,201913,1611661322,2013ps
Kristi Toliver,201911,1611661320,2013ps
Krystal Thomas,202663,1611661317,2013ps
Layshia Clarendon,203406,1611661325,2013ps
Le'coe Willingham,100973,1611661330,2013ps
Lindsay Whalen,100915,1611661324,2013ps
Lindsey Harding,201046,1611661320,2013ps
Lindsey Moore,203409,1611661324,2013ps
Lynetta Kizer,203041,1611661317,2013ps
Marissa Coleman,201889,1611661320,2013ps
Matee Ajavon,201492,1611661322,2013ps
Maya Moore,202632,1611661324,2013ps
Michelle Snow,100729,1611661322,2013ps
Monica Wright,202257,1611661324,2013ps
Monique Currie,200673,1611661322,2013ps
Nadirah McKenith,203414,1611661322,2013ps
Nneka Ogwumike,203014,1611661320,2013ps
Noelle Quinn,201049,1611661328,2013ps
Penny Taylor,100634,1611661317,2013ps
Rachel Jarry,202647,1611661324,2013ps
Rebekkah Brunson,100944,1611661324,2013ps
Ruth Riley,100656,1611661330,2013ps
Seimone Augustus,200671,1611661324,2013ps
Shavonte Zellous,201919,1611661325,2013ps
Shay Murphy,201062,1611661329,2013ps
Shekinna Stricklen,203015,1611661328,2013ps
Sugar Rodgers,203411,1611661324,2013ps
Swin Cash,100721,1611661329,2013ps
Sylvia Fowles,201480,1611661329,2013ps
Tamera Young,201477,1611661329,2013ps
Tamika Catchings,100646,1611661325,2013ps
Tanisha Wright,101030,1611661328,2013ps
Tayler Hill,203401,1611661322,2013ps
Temeka Johnson,101024,1611661328,2013ps
Tianna Hawkins,203403,1611661328,2013ps
Tierra Ruffin-Pratt,203437,1611661322,2013ps
Tiffany Hayes,203026,1611661330,2013ps
Tina Thompson,100076,1611661328,2013ps
Alana Beard,100949,1611661320,2014ps
Allie Quigley,201516,1611661329,2014ps
Aneika Morello,202623,1611661330,2014ps
Anete Jekabsone-Zogota,201869,1611661317,2014ps
Angel McCoughtry,201881,1611661330,2014ps
Armintie Herrington,201048,1611661320,2014ps
Asia Taylor,203859,1611661324,2014ps
Becky Hammon,100342,1611661319,2014ps
Bria Hartley,203829,1611661322,2014ps
Briann January,201896,1611661325,2014ps
Brittney Griner,203398,1611661317,2014ps
Candace Parker,201496,1611661320,2014ps
Candice Dupree,200676,1611661317,2014ps
Candice Wiggins,201499,1611661320,2014ps
Celine Dumerc,203820,1611661330,2014ps
Courtney Clements,203451,1611661329,2014ps
Courtney Vandersloot,202664,1611661329,2014ps
Damiris Dantas,203024,1611661324,2014ps
Danielle Adams,202634,1611661319,2014ps
Danielle Robinson,202658,1611661319,2014ps
DeWanna Bonner,201886,1611661317,2014ps
Devereaux Peters,203016,1611661324,2014ps
Diana Taurasi,100940,1611661317,2014ps
Elena Delle Donne,203399,1611661329,2014ps
Emma Meesseman,203416,1611661322,2014ps
Epiphanny Prince,202259,1611661329,2014ps
Erika de Souza,100812,1611661330,2014ps
Erin Phillips,101039,1611661317,2014ps
Erlana Larkins,201503,1611661325,2014ps
Ewelina Kobryn,202318,1611661317,2014ps
Farhiya Abdi,203025,1611661320,2014ps
Gennifer Brandon,203844,1611661329,2014ps
Ivory Latta,201056,1611661322,2014ps
Jamierra Faulkner,203857,1611661329,2014ps
Janel McCarville,101019,1611661324,2014ps
Jantel Lavender,202650,1611661320,2014ps
Jasmine Thomas,202662,1611661330,2014ps
Jayne Appel Marinelli,202251,1611661319,2014ps
Jessica Breland,202638,1611661329,2014ps
Jia Perkins,100952,1611661319,2014ps
Kalana Greene,202253,1611661322,2014ps
Kara Lawson,100874,1611661322,2014ps
Karima Christmas-Kelly,202640,1611661325,2014ps
Kayla McBride,203825,1611661319,2014ps
Kia Vaughn,201913,1611661322,2014ps
Kristi Toliver,201911,1611661320,2014ps
Krystal Thomas,202663,1611661325,2014ps
Layshia Clarendon,203406,1611661325,2014ps
Lindsay Whalen,100915,1611661324,2014ps
Lindsey Harding,201046,1611661320,2014ps
Lynetta Kizer,203041,1611661325,2014ps
Maggie Lucas,203843,1611661325,2014ps
Marissa Coleman,201889,1611661325,2014ps
Markeisha Gatling,203832,1611661329,2014ps
Matee Ajavon,201492,1611661330,2014ps
Maya Moore,202632,1611661324,2014ps
Mistie Bass,200691,1611661317,2014ps
Monica Wright,202257,1611661324,2014ps
Monique Currie,200673,1611661322,2014ps
Nadirah McKenith,203414,1611661324,2014ps
Natasha Howard,203827,1611661325,2014ps
Nneka Ogwumike,203014,1611661320,2014ps
Penny Taylor,100634,1611661317,2014ps
Rebekkah Brunson,100944,1611661324,2014ps
Sancho Lyttle,101023,1611661330,2014ps
Sandrine Gruda,201058,1611661320,2014ps
Sasha Goodlett,203067,1611661329,2014ps
Seimone Augustus,200671,1611661324,2014ps
Shavonte Zellous,201919,1611661325,2014ps
Shay Murphy,201062,1611661317,2014ps
Shenise Johnson,203018,1611661319,2014ps
Shoni Schimmel,203830,1611661330,2014ps
Sophia Young-Malcolm,200674,1611661319,2014ps
Stefanie Dolson,203828,1611661322,2014ps
Sydney Carter,203039,1611661325,2014ps
Sylvia Fowles,201480,1611661329,2014ps
Tamera Young,201477,1611661329,2014ps
Tamika Catchings,100646,1611661325,2014ps
Tan White,101020,1611661324,2014ps
Tayler Hill,203401,1611661322,2014ps
Tianna Hawkins,203403,1611661322,2014ps
Tierra Ruffin-Pratt,203437,1611661322,2014ps
Tiffany Bias,203839,1611661317,2014ps
Tiffany Hayes,203026,1611661330,2014ps
Alana Beard,100949,1611661320,2015ps
Allie Quigley,201516,1611661329,2015ps
Ally Malott,204326,1611661322,2015ps
Amanda Zahui B,204320,1611661321,2015ps
Ana Dabovic,204302,1611661320,2015ps
Anna Cruz,203813,1611661324,2015ps
Armintie Herrington,201048,1611661322,2015ps
Asjha Jones,100723,1611661324,2015ps
Avery Warley-Talbert,203069,1611661313,2015ps
Bria Hartley,203829,1611661322,2015ps
Briann January,201896,1611661325,2015ps
Brianna Kiesel,204331,1611661321,2015ps
Brittney Griner,203398,1611661317,2015ps
Candace Parker,201496,1611661320,2015ps
Candice Dupree,200676,1611661317,2015ps
Candice Wiggins,201499,1611661313,2015ps
Cappie Pondexter,200665,1611661329,2015ps
Carolyn Swords,202670,1611661313,2015ps
Cayla George,204297,1611661317,2015ps
Cheyenne Parker-Tyus,204323,1611661329,2015ps
Clarissa Dos Santos,204309,1611661329,2015ps
Courtney Paris,201907,1611661321,2015ps
Courtney Vandersloot,202664,1611661329,2015ps
DeWanna Bonner,201886,1611661317,2015ps
Devereaux Peters,203016,1611661324,2015ps
Elena Delle Donne,203399,1611661329,2015ps
Emma Meesseman,203416,1611661322,2015ps
Epiphanny Prince,202259,1611661313,2015ps
Erica Wheeler,204365,1611661313,2015ps
Erika de Souza,100812,1611661329,2015ps
Erlana Larkins,201503,1611661325,2015ps
Essence Carson,201502,1611661313,2015ps
Ivory Latta,201056,1611661322,2015ps
Jamierra Faulkner,203857,1611661329,2015ps
Jantel Lavender,202650,1611661320,2015ps
Jeanette Pohlen-Mavunga,202656,1611661325,2015ps
Jessica Breland,202638,1611661329,2015ps
Jordan Hooper,203835,1611661321,2015ps
Kara Lawson,100874,1611661322,2015ps
Karima Christmas-Kelly,202640,1611661321,2015ps
Kia Vaughn,201913,1611661322,2015ps
Kiah Stokes,204329,1611661313,2015ps
Kristi Toliver,201911,1611661320,2015ps
LaToya Sanders,201506,1611661322,2015ps
Layshia Clarendon,203406,1611661325,2015ps
Leilani Mitchell,201507,1611661317,2015ps
Lindsay Whalen,100915,1611661324,2015ps
Lynetta Kizer,203041,1611661325,2015ps
Maggie Lucas,203843,1611661325,2015ps
Marissa Coleman,201889,1611661325,2015ps
Marta Xargay,204300,1611661317,2015ps
Maya Moore,202632,1611661324,2015ps
Mistie Bass,200691,1611661317,2015ps
Monique Currie,200673,1611661317,2015ps
Natalie Achonwa,203831,1611661325,2015ps
Natasha Cloud,204333,1611661322,2015ps
Natasha Howard,203827,1611661325,2015ps
Nneka Ogwumike,203014,1611661320,2015ps
Noelle Quinn,201049,1611661317,2015ps
Odyssey Sims,203824,1611661321,2015ps
Plenette Pierson,100888,1611661321,2015ps
Rebekkah Brunson,100944,1611661324,2015ps
Renee Montgomery,201904,1611661324,2015ps
Riquna Williams,203029,1611661321,2015ps
Seimone Augustus,200671,1611661324,2015ps
Shameka Christon,100937,1611661317,2015ps
Shavonte Zellous,201919,1611661325,2015ps
Shenise Johnson,203018,1611661325,2015ps
Stefanie Dolson,203828,1611661322,2015ps
Sugar Rodgers,203411,1611661313,2015ps
Swin Cash,100721,1611661313,2015ps
Sylvia Fowles,201480,1611661324,2015ps
Tamera Young,201477,1611661329,2015ps
Tamika Catchings,100646,1611661325,2015ps
Tanisha Wright,101030,1611661313,2015ps
Tayler Hill,203401,1611661322,2015ps
Temeka Johnson,101024,1611661320,2015ps
Theresa Plaisance,203849,1611661321,2015ps
Tierra Ruffin-Pratt,203437,1611661322,2015ps
Tiffany Bias,203839,1611661317,2015ps
Tiffany Jackson,201050,1611661321,2015ps
Tina Charles,202250,1611661313,2015ps
Vicki Baugh,203037,1611661321,2015ps
Alana Beard,100949,1611661320,2016ps
Alex Harden,204336,1611661317,2016ps
Allie Quigley,201516,1611661329,2016ps
Alysha Clark,202252,1611661328,2016ps
Amanda Zahui B,204320,1611661313,2016ps
Ana Dabovic,204302,1611661320,2016ps
Angel McCoughtry,201881,1611661330,2016ps
Ann Wauters,100445,1611661320,2016ps
Anna Cruz,203813,1611661324,2016ps
Breanna Stewart,1627668,1611661328,2016ps
Bria Holmes,1627678,1611661330,2016ps
Briann January,201896,1611661325,2016ps
Brittany Boyd-Jones,204327,1611661313,2016ps
Brittney Griner,203398,1611661317,2016ps
Candace Parker,201496,1611661320,2016ps
Candice Dupree,200676,1611661317,2016ps
Cappie Pondexter,200665,1611661329,2016ps
Carla Cortijo,1627635,1611661330,2016ps
Carolyn Swords,202670,1611661313,2016ps
Chelsea Gray,203833,1611661320,2016ps
Cheyenne Parker-Tyus,204323,1611661329,2016ps
Clarissa Dos Santos,204309,1611661329,2016ps
Courtney Vandersloot,202664,1611661329,2016ps
Crystal Langhorne,201518,1611661328,2016ps
DeWanna Bonner,201886,1611661317,2016ps
Diana Taurasi,100940,1611661317,2016ps
Elizabeth Williams,204322,1611661330,2016ps
Epiphanny Prince,202259,1611661313,2016ps
Erica Wheeler,204365,1611661325,2016ps
Erika de Souza,100812,1611661329,2016ps
Erlana Larkins,201503,1611661325,2016ps
Essence Carson,201502,1611661320,2016ps
Evgeniia Belyakova,1627648,1611661320,2016ps
Imani McGee-Stafford,1627677,1611661329,2016ps
Isabelle Harrison,204330,1611661317,2016ps
Jamierra Faulkner,203857,1611661329,2016ps
Janel McCarville,101019,1611661324,2016ps
Jantel Lavender,202650,1611661320,2016ps
Jelena Dubljevic,1627644,1611661320,2016ps
Jessica Breland,202638,1611661329,2016ps
Jewell Loyd,204319,1611661328,2016ps
Jia Perkins,100952,1611661324,2016ps
Kaleena Mosqueda-Lewis,204321,1611661328,2016ps
Keisha Hampton,203034,1611661324,2016ps
Kelsey Bone,203402,1611661317,2016ps
Kiah Stokes,204329,1611661313,2016ps
Kristi Toliver,201911,1611661320,2016ps
Layshia Clarendon,203406,1611661330,2016ps
Lindsay Whalen,100915,1611661324,2016ps
Lindsey Harding,201046,1611661317,2016ps
Lynetta Kizer,203041,1611661325,2016ps
Marissa Coleman,201889,1611661325,2016ps
Marta Xargay,204300,1611661317,2016ps
Matee Ajavon,201492,1611661330,2016ps
Maya Moore,202632,1611661324,2016ps
Meighan Simmons,203848,1611661330,2016ps
Mistie Bass,200691,1611661317,2016ps
Natalie Achonwa,203831,1611661325,2016ps
Natasha Howard,203827,1611661324,2016ps
Nneka Ogwumike,203014,1611661320,2016ps
Noelle Quinn,201049,1611661328,2016ps
Penny Taylor,100634,1611661317,2016ps
Ramu Tokashiki,204317,1611661328,2016ps
Rebekkah Brunson,100944,1611661324,2016ps
Renee Montgomery,201904,1611661324,2016ps
Reshanda Gray,204334,1611661330,2016ps
Seimone Augustus,200671,1611661324,2016ps
Shavonte Zellous,201919,1611661313,2016ps
Shenise Johnson,203018,1611661325,2016ps
Sonja Petrovic,201909,1611661317,2016ps
Sue Bird,100720,1611661328,2016ps
Sugar Rodgers,203411,1611661313,2016ps
Swin Cash,100721,1611661313,2016ps
Sylvia Fowles,201480,1611661324,2016ps
Tamera Young,201477,1611661329,2016ps
Tamika Catchings,100646,1611661325,2016ps
Tanisha Wright,101030,1611661313,2016ps
Tiffany Hayes,203026,1611661330,2016ps
Tiffany Mitchell,1627676,1611661325,2016ps
Tina Charles,202250,1611661313,2016ps
Aerial Powers,1627672,1611661321,2017ps
Alana Beard,100949,1611661320,2017ps
Alex Bentley,203410,1611661323,2017ps
Alexis Jones,1628283,1611661324,2017ps
Allisha Gray,1628277,1611661321,2017ps
Allison Hightower,202255,1611661322,2017ps
Alysha Clark,202252,1611661328,2017ps
Alyssa Thomas,203826,1611661323,2017ps
Angel Robinson,202657,1611661317,2017ps
Asia Taylor,203859,1611661322,2017ps
Breanna Stewart,1627668,1611661328,2017ps
Bria Hartley,203829,1611661313,2017ps
Brittney Griner,203398,1611661317,2017ps
Camille Smith,201067,1611661317,2017ps
Candace Parker,201496,1611661320,2017ps
Carolyn Swords,202670,1611661328,2017ps
Cayla George,204297,1611661317,2017ps
Cecilia Zandalasini,1628508,1611661324,2017ps
Chelsea Gray,203833,1611661320,2017ps
Courtney Paris,201907,1611661321,2017ps
Courtney Williams,1627675,1611661323,2017ps
Crystal Langhorne,201518,1611661328,2017ps
Danielle Robinson,202658,1611661317,2017ps
Diana Taurasi,100940,1611661317,2017ps
Elena Delle Donne,203399,1611661322,2017ps
Emma Cannon,1628242,1611661317,2017ps
Emma Meesseman,203416,1611661322,2017ps
Epiphanny Prince,202259,1611661313,2017ps
Essence Carson,201502,1611661320,2017ps
Glory Johnson,203017,1611661321,2017ps
Ivory Latta,201056,1611661322,2017ps
Jantel Lavender,202650,1611661320,2017ps
Jasmine Thomas,202662,1611661323,2017ps
Jewell Loyd,204319,1611661328,2017ps
Jia Perkins,100952,1611661324,2017ps
Jonquel Jones,1627673,1611661323,2017ps
Kaleena Mosqueda-Lewis,204321,1611661328,2017ps
Karima Christmas-Kelly,202640,1611661321,2017ps
Kayla Pedersen,202653,1611661323,2017ps
Kayla Thornton,203866,1611661321,2017ps
Kia Vaughn,201913,1611661313,2017ps
Kiah Stokes,204329,1611661313,2017ps
Kristi Toliver,201911,1611661322,2017ps
Krystal Thomas,202663,1611661322,2017ps
Leilani Mitchell,201507,1611661317,2017ps
Lindsay Whalen,100915,1611661324,2017ps
Maya Moore,202632,1611661324,2017ps
Monique Currie,200673,1611661317,2017ps
Morgan Tuck,1627670,1611661323,2017ps
Natasha Cloud,204333,1611661322,2017ps
Natasha Howard,203827,1611661324,2017ps
Nayo Raincock-Ekunwe,1628248,1611661313,2017ps
Nneka Ogwumike,203014,1611661320,2017ps
Noelle Quinn,201049,1611661328,2017ps
Odyssey Sims,203824,1611661320,2017ps
Plenette Pierson,100888,1611661324,2017ps
Rachel Banham,1627671,1611661323,2017ps
Rebecca Allen,204296,1611661313,2017ps
Rebekkah Brunson,100944,1611661324,2017ps
Renee Montgomery,201904,1611661324,2017ps
Riquna Williams,203029,1611661320,2017ps
Sami Whitcomb,1628244,1611661328,2017ps
Saniya Chong,1628267,1611661321,2017ps
Seimone Augustus,200671,1611661324,2017ps
Shatori Walker-Kimbrough,1628278,1611661322,2017ps
Shavonte Zellous,201919,1611661313,2017ps
Shekinna Stricklen,203015,1611661323,2017ps
Skylar Diggins,203400,1611661321,2017ps
Stephanie Talbot,203855,1611661317,2017ps
Sue Bird,100720,1611661328,2017ps
Sugar Rodgers,203411,1611661313,2017ps
Sylvia Fowles,201480,1611661324,2017ps
Temi Fágbénlé,1627701,1611661324,2017ps
Theresa Plaisance,203849,1611661321,2017ps
Tianna Hawkins,203403,1611661322,2017ps
Tierra Ruffin-Pratt,203437,1611661322,2017ps
Tina Charles,202250,1611661313,2017ps
Yvonne Turner,203389,1611661317,2017ps
Aerial Powers,1627672,1611661322,2018ps
Alana Beard,100949,1611661320,2018ps
Alex Bentley,203410,1611661330,2018ps
Allisha Gray,1628277,1611661321,2018ps
Alysha Clark,202252,1611661328,2018ps
Alyssa Thomas,203826,1611661323,2018ps
Angel Robinson,202657,1611661317,2018ps
Ariel Atkins,1628878,1611661322,2018ps
Azurá Stevens,1628922,1611661321,2018ps
Blake Dietrick,204355,1611661330,2018ps
Breanna Stewart,1627668,1611661328,2018ps
Briann January,201896,1611661317,2018ps
Brittney Griner,203398,1611661317,2018ps
Brittney Sykes,1628279,1611661330,2018ps
Camille Smith,201067,1611661317,2018ps
Candace Parker,201496,1611661320,2018ps
Cayla George,204297,1611661321,2018ps
Cecilia Zandalasini,1628508,1611661324,2018ps
Chelsea Gray,203833,1611661320,2018ps
Chiney Ogwumike,203823,1611661323,2018ps
Courtney Paris,201907,1611661328,2018ps
Courtney Williams,1627675,1611661323,2018ps
Crystal Langhorne,201518,1611661328,2018ps
DeWanna Bonner,201886,1611661317,2018ps
Devereaux Peters,203016,1611661317,2018ps
Diana Taurasi,100940,1611661317,2018ps
Elena Delle Donne,203399,1611661322,2018ps
Elizabeth Williams,204322,1611661330,2018ps
Essence Carson,201502,1611661320,2018ps
Glory Johnson,203017,1611661321,2018ps
Imani McGee-Stafford,1627677,1611661330,2018ps
Jantel Lavender,202650,1611661320,2018ps
Jasmine Thomas,202662,1611661323,2018ps
Jessica Breland,202638,1611661330,2018ps
Jewell Loyd,204319,1611661328,2018ps
Jonquel Jones,1627673,1611661323,2018ps
Jordin Canada,1628886,1611661328,2018ps
Kaleena Mosqueda-Lewis,204321,1611661328,2018ps
Kayla Thornton,203866,1611661321,2018ps
Kristi Toliver,201911,1611661322,2018ps
Krystal Thomas,202663,1611661322,2018ps
LaToya Sanders,201506,1611661322,2018ps
Layshia Clarendon,203406,1611661323,2018ps
Leilani Mitchell,201507,1611661317,2018ps
Lindsay Whalen,100915,1611661324,2018ps
Liz Cambage,202633,1611661321,2018ps
Maggie Lucas,203843,1611661321,2018ps
Maria Kliundikova,1628926,1611661320,2018ps
Maya Moore,202632,1611661324,2018ps
Monique Billings,1628881,1611661330,2018ps
Monique Currie,200673,1611661322,2018ps
Morgan Tuck,1627670,1611661323,2018ps
Myisha Hines-Allen,1628899,1611661322,2018ps
Natasha Cloud,204333,1611661322,2018ps
Natasha Howard,203827,1611661328,2018ps
Nneka Ogwumike,203014,1611661320,2018ps
Noelle Quinn,201049,1611661328,2018ps
Odyssey Sims,203824,1611661320,2018ps
Rachel Banham,1627671,1611661323,2018ps
Renee Montgomery,201904,1611661330,2018ps
Riquna Williams,203029,1611661320,2018ps
Sami Whitcomb,1628244,1611661328,2018ps
Seimone Augustus,200671,1611661324,2018ps
Shatori Walker-Kimbrough,1628278,1611661322,2018ps
Shekinna Stricklen,203015,1611661323,2018ps
Skylar Diggins,203400,1611661321,2018ps
Stephanie Talbot,203855,1611661317,2018ps
Sue Bird,100720,1611661328,2018ps
Sylvia Fowles,201480,1611661324,2018ps
Tanisha Wright,101030,1611661324,2018ps
Temi Fágbénlé,1627701,1611661324,2018ps
Tianna Hawkins,203403,1611661322,2018ps
Tierra Ruffin-Pratt,203437,1611661322,2018ps
Tiffany Hayes,203026,1611661330,2018ps
Yvonne Turner,203389,1611661317,2018ps
A'ja Wilson,1628932,1611661319,2019ps
Aerial Powers,1627672,1611661322,2019ps
Alana Beard,100949,1611661320,2019ps
Alexis Jones,1628283,1611661320,2019ps
Allie Quigley,201516,1611661329,2019ps
Alysha Clark,202252,1611661328,2019ps
Alyssa Thomas,203826,1611661323,2019ps
Ariel Atkins,1628878,1611661322,2019ps
Astou Ndour-Fall,203838,1611661329,2019ps
Bria Holmes,1627678,1611661323,2019ps
Briann January,201896,1611661317,2019ps
Brianna Turner,1629488,1611661317,2019ps
Brionna Jones,1628280,1611661323,2019ps
Brittney Griner,203398,1611661317,2019ps
Camille Smith,201067,1611661317,2019ps
Candace Parker,201496,1611661320,2019ps
Carolyn Swords,202670,1611661319,2019ps
Chelsea Gray,203833,1611661320,2019ps
Cheyenne Parker-Tyus,204323,1611661329,2019ps
Chiney Ogwumike,203823,1611661320,2019ps
Courtney Paris,201907,1611661328,2019ps
Courtney Vandersloot,202664,1611661329,2019ps
Courtney Williams,1627675,1611661323,2019ps
Crystal Langhorne,201518,1611661328,2019ps
Damiris Dantas,203024,1611661324,2019ps
Danielle Robinson,202658,1611661324,2019ps
DeWanna Bonner,201886,1611661317,2019ps
Dearica Hamby,204324,1611661319,2019ps
Diamond DeShields,1628890,1611661329,2019ps
Elena Delle Donne,203399,1611661322,2019ps
Emma Meesseman,203416,1611661322,2019ps
Epiphanny Prince,202259,1611661319,2019ps
Essence Carson,201502,1611661317,2019ps
Gabby Williams,1628931,1611661329,2019ps
Jackie Young,1629498,1611661319,2019ps
Jamierra Faulkner,203857,1611661329,2019ps
Jasmine Thomas,202662,1611661323,2019ps
Jewell Loyd,204319,1611661328,2019ps
JiSu Park,1628917,1611661319,2019ps
Jonquel Jones,1627673,1611661323,2019ps
Jordin Canada,1628886,1611661328,2019ps
Kahleah Copper,1627674,1611661329,2019ps
Kalani Brown,1629480,1611661320,2019ps
Kaleena Mosqueda-Lewis,204321,1611661328,2019ps
Kayla Alexander,203405,1611661329,2019ps
Kayla McBride,203825,1611661319,2019ps
Kelsey Plum,1628276,1611661319,2019ps
Kristi Toliver,201911,1611661322,2019ps
LaToya Sanders,201506,1611661322,2019ps
Leilani Mitchell,201507,1611661317,2019ps
Lexie Brown,1628882,1611661324,2019ps
Liz Cambage,202633,1611661319,2019ps
Maria Kliundikova,1628926,1611661320,2019ps
Marina Mabrey,1629497,1611661320,2019ps
Mercedes Russell,1628920,1611661328,2019ps
Morgan Tuck,1627670,1611661323,2019ps
Myisha Hines-Allen,1628899,1611661322,2019ps
Napheesa Collier,1629483,1611661324,2019ps
Natasha Cloud,204333,1611661322,2019ps
Natasha Howard,203827,1611661328,2019ps
Natisha Hiedeman,1629567,1611661323,2019ps
Nneka Ogwumike,203014,1611661320,2019ps
Odyssey Sims,203824,1611661324,2019ps
Rachel Banham,1627671,1611661323,2019ps
Riquna Williams,203029,1611661320,2019ps
Sami Whitcomb,1628244,1611661328,2019ps
Sancho Lyttle,101023,1611661317,2019ps
Seimone Augustus,200671,1611661324,2019ps
Shatori Walker-Kimbrough,1628278,1611661322,2019ps
Shavonte Zellous,201919,1611661328,2019ps
Shekinna Stricklen,203015,1611661323,2019ps
Sophie Cunningham,1629482,1611661317,2019ps
Stefanie Dolson,203828,1611661329,2019ps
Stephanie Talbot,203855,1611661324,2019ps
Sugar Rodgers,203411,1611661319,2019ps
Sydney Colson,202641,1611661319,2019ps
Sydney Wiese,1628282,1611661320,2019ps
Sylvia Fowles,201480,1611661324,2019ps
Tamera Young,201477,1611661319,2019ps
Temi Fágbénlé,1627701,1611661324,2019ps
Theresa Plaisance,203849,1611661323,2019ps
Tianna Hawkins,203403,1611661322,2019ps
Tierra Ruffin-Pratt,203437,1611661320,2019ps
Yvonne Turner,203389,1611661317,2019ps
A'ja Wilson,1628932,1611661319,2020ps
Alaina Coates,1628268,1611661322,2020ps
Alanna Smith,1629501,1611661317,2020ps
Alexis Prince,1628297,1611661329,2020ps
Allie Quigley,201516,1611661329,2020ps
Alysha Clark,202252,1611661328,2020ps
Alyssa Thomas,203826,1611661323,2020ps
Angel McCoughtry,201881,1611661319,2020ps
Ariel Atkins,1628878,1611661322,2020ps
Beatrice Mompremier,1629492,1611661323,2020ps
Breanna Stewart,1627668,1611661328,2020ps
Briann January,201896,1611661323,2020ps
Brianna Turner,1629488,1611661317,2020ps
Bridget Carleton,1629524,1611661324,2020ps
Brionna Jones,1628280,1611661323,2020ps
Brittney Sykes,1628279,1611661320,2020ps
Candace Parker,201496,1611661320,2020ps
Carolyn Swords,202670,1611661319,2020ps
Chelsea Gray,203833,1611661320,2020ps
Cheyenne Parker-Tyus,204323,1611661329,2020ps
Cierra Burdick,204332,1611661319,2020ps
Courtney Vandersloot,202664,1611661329,2020ps
Crystal Dangerfield,1630101,1611661324,2020ps
Crystal Langhorne,201518,1611661328,2020ps
Damiris Dantas,203024,1611661324,2020ps
Danielle Robinson,202658,1611661319,2020ps
DeWanna Bonner,201886,1611661323,2020ps
Dearica Hamby,204324,1611661319,2020ps
Diana Taurasi,100940,1611661317,2020ps
Emma Cannon,1628242,1611661319,2020ps
Emma Meesseman,203416,1611661322,2020ps
Epiphanny Prince,202259,1611661328,2020ps
Erica McCall,1628286,1611661324,2020ps
Essence Carson,201502,1611661323,2020ps
Ezi Magbegor,1629496,1611661328,2020ps
Gabby Williams,1628931,1611661329,2020ps
Jacki Gemelos,203043,1611661322,2020ps
Jackie Young,1629498,1611661319,2020ps
Jasmine Thomas,202662,1611661323,2020ps
Jewell Loyd,204319,1611661328,2020ps
Jordin Canada,1628886,1611661328,2020ps
Kahleah Copper,1627674,1611661329,2020ps
Kaila Charles,1630097,1611661323,2020ps
Kaleena Mosqueda-Lewis,204321,1611661323,2020ps
Kayla McBride,203825,1611661319,2020ps
Kia Vaughn,201913,1611661317,2020ps
Kiara Leslie,1629506,1611661322,2020ps
Kristine Anigwe,1629485,1611661320,2020ps
Leilani Mitchell,201507,1611661322,2020ps
Lindsay Allen,1628263,1611661319,2020ps
Mercedes Russell,1628920,1611661328,2020ps
Mikiah Herbert Harrigan,1630114,1611661324,2020ps
Morgan Tuck,1627670,1611661328,2020ps
Myisha Hines-Allen,1628899,1611661322,2020ps
Napheesa Collier,1629483,1611661324,2020ps
Natasha Howard,203827,1611661328,2020ps
Natisha Hiedeman,1629567,1611661323,2020ps
Odyssey Sims,203824,1611661324,2020ps
Rachel Banham,1627671,1611661324,2020ps
Reshanda Gray,204334,1611661320,2020ps
Riquna Williams,203029,1611661320,2020ps
Ruthy Hebard,1630113,1611661329,2020ps
Sami Whitcomb,1628244,1611661328,2020ps
Seimone Augustus,200671,1611661320,2020ps
Shatori Walker-Kimbrough,1628278,1611661317,2020ps
Shenise Johnson,203018,1611661324,2020ps
Shey Peddy,203035,1611661317,2020ps
Skylar Diggins,203400,1611661317,2020ps
Sophie Cunningham,1629482,1611661317,2020ps
Stefanie Dolson,203828,1611661329,2020ps
Sue Bird,100720,1611661328,2020ps
Sug Sutton,1630134,1611661322,2020ps
Sugar Rodgers,203411,1611661319,2020ps
Sydney Wiese,1628282,1611661320,2020ps
Sylvia Fowles,201480,1611661324,2020ps
Te'a Cooper,1630099,1611661320,2020ps
Theresa Plaisance,203849,1611661323,2020ps
Tianna Hawkins,203403,1611661322,2020ps
Tierra Ruffin-Pratt,203437,1611661320,2020ps
A'ja Wilson,1628932,1611661319,2021ps
Aerial Powers,1627672,1611661324,2021ps
Alanna Smith,1629501,1611661317,2021ps
Allie Quigley,201516,1611661329,2021ps
Allisha Gray,1628277,1611661321,2021ps
Alyssa Thomas,203826,1611661323,2021ps
Arike Ogunbowale,1629481,1611661321,2021ps
Astou Ndour-Fall,203838,1611661329,2021ps
Awak Kuier,1630386,1611661321,2021ps
Azurá Stevens,1628922,1611661329,2021ps
Beatrice Mompremier,1629492,1611661323,2021ps
Betnijah Laney-Hamilton,204335,1611661313,2021ps
Bria Hartley,203829,1611661317,2021ps
Briann January,201896,1611661323,2021ps
Brianna Turner,1629488,1611661317,2021ps
Bridget Carleton,1629524,1611661324,2021ps
Brionna Jones,1628280,1611661323,2021ps
Brittney Griner,203398,1611661317,2021ps
Candace Parker,201496,1611661329,2021ps
Chelsea Gray,203833,1611661319,2021ps
Courtney Vandersloot,202664,1611661329,2021ps
Crystal Dangerfield,1630101,1611661324,2021ps
Dana Evans,1630389,1611661329,2021ps
DeWanna Bonner,201886,1611661323,2021ps
Dearica Hamby,204324,1611661319,2021ps
Destiny Slocum,1630435,1611661319,2021ps
DiDi Richards,1630459,1611661313,2021ps
Diamond DeShields,1628890,1611661329,2021ps
Diana Taurasi,100940,1611661317,2021ps
Epiphanny Prince,202259,1611661328,2021ps
Ezi Magbegor,1629496,1611661328,2021ps
Isabelle Harrison,204330,1611661321,2021ps
Jackie Young,1629498,1611661319,2021ps
Jasmine Thomas,202662,1611661323,2021ps
Jazmine Jones,1630119,1611661313,2021ps
Jewell Loyd,204319,1611661328,2021ps
JiSu Park,1628917,1611661319,2021ps
Jonquel Jones,1627673,1611661323,2021ps
Jordin Canada,1628886,1611661328,2021ps
Kahleah Copper,1627674,1611661329,2021ps
Kaila Charles,1630097,1611661323,2021ps
Katie Lou Samuelson,1629478,1611661328,2021ps
Kayla McBride,203825,1611661324,2021ps
Kayla Thornton,203866,1611661321,2021ps
Kelsey Plum,1628276,1611661319,2021ps
Kia Nurse,1628915,1611661317,2021ps
Kia Vaughn,201913,1611661317,2021ps
Kiah Stokes,204329,1611661319,2021ps
Layshia Clarendon,203406,1611661324,2021ps
Lexie Brown,1628882,1611661329,2021ps
Liz Cambage,202633,1611661319,2021ps
Marina Mabrey,1629497,1611661321,2021ps
Megan Walker,1630136,1611661317,2021ps
Mercedes Russell,1628920,1611661328,2021ps
Michaela Onyenwere,1630446,1611661313,2021ps
Moriah Jefferson,1627669,1611661321,2021ps
Napheesa Collier,1629483,1611661324,2021ps
Natalie Achonwa,203831,1611661324,2021ps
Natasha Howard,203827,1611661313,2021ps
Natisha Hiedeman,1629567,1611661323,2021ps
Rachel Banham,1627671,1611661324,2021ps
Rebecca Allen,204296,1611661313,2021ps
Reshanda Gray,204334,1611661313,2021ps
Riquna Williams,203029,1611661319,2021ps
Ruthy Hebard,1630113,1611661329,2021ps
Sabrina Ionescu,1629477,1611661313,2021ps
Sami Whitcomb,1628244,1611661313,2021ps
Satou Sabally,1630149,1611661321,2021ps
Shey Peddy,203035,1611661317,2021ps
Skylar Diggins,203400,1611661317,2021ps
Sophie Cunningham,1629482,1611661317,2021ps
Stefanie Dolson,203828,1611661329,2021ps
Stephanie Talbot,203855,1611661328,2021ps
Sue Bird,100720,1611661328,2021ps
Sylvia Fowles,201480,1611661324,2021ps
Tyasha Harris,1630112,1611661321,2021ps
A'ja Wilson,1628932,1611661319,2022ps
Aisha Sheppard,1631013,1611661319,2022ps
Allie Quigley,201516,1611661329,2022ps
Allisha Gray,1628277,1611661321,2022ps
Alysha Clark,202252,1611661322,2022ps
Alyssa Thomas,203826,1611661323,2022ps
Ariel Atkins,1628878,1611661322,2022ps
Arike Ogunbowale,1629481,1611661321,2022ps
Awak Kuier,1630386,1611661321,2022ps
Azurá Stevens,1628922,1611661329,2022ps
Betnijah Laney-Hamilton,204335,1611661313,2022ps
Breanna Stewart,1627668,1611661328,2022ps
Briann January,201896,1611661328,2022ps
Brianna Turner,1629488,1611661317,2022ps
Brionna Jones,1628280,1611661323,2022ps
Candace Parker,201496,1611661329,2022ps
Chelsea Gray,203833,1611661319,2022ps
Courtney Vandersloot,202664,1611661329,2022ps
Courtney Williams,1627675,1611661323,2022ps
Crystal Dangerfield,1630101,1611661313,2022ps
Dana Evans,1630389,1611661329,2022ps
DeWanna Bonner,201886,1611661323,2022ps
Dearica Hamby,204324,1611661319,2022ps
DiDi Richards,1630459,1611661313,2022ps
DiJonai Carrington,1630096,1611661323,2022ps
Diamond DeShields,1628890,1611661317,2022ps
Elena Delle Donne,203399,1611661322,2022ps
Elizabeth Williams,204322,1611661322,2022ps
Emma Meesseman,203416,1611661329,2022ps
Epiphanny Prince,202259,1611661328,2022ps
Ezi Magbegor,1629496,1611661328,2022ps
Gabby Williams,1628931,1611661328,2022ps
Han Xu,1629566,1611661313,2022ps
Iliana Rupert,1630387,1611661319,2022ps
Isabelle Harrison,204330,1611661321,2022ps
Jackie Young,1629498,1611661319,2022ps
Jasmine Dickey,1631029,1611661321,2022ps
Jennie Simms,1628287,1611661317,2022ps
Jewell Loyd,204319,1611661328,2022ps
Jocelyn Willoughby,1630139,1611661313,2022ps
Jonquel Jones,1627673,1611661323,2022ps
Joyner Holmes,1630115,1611661323,2022ps
Julie Allemand,1627700,1611661329,2022ps
Kaela Davis,1628273,1611661317,2022ps
Kahleah Copper,1627674,1611661329,2022ps
Kayla Thornton,203866,1611661321,2022ps
Kelsey Plum,1628276,1611661319,2022ps
Kiah Stokes,204329,1611661319,2022ps
Kierstan Bell,1631006,1611661319,2022ps
Marina Mabrey,1629497,1611661321,2022ps
Marine Johannès,1629546,1611661313,2022ps
Megan Gustafson,1629484,1611661317,2022ps
Michaela Onyenwere,1630446,1611661313,2022ps
Myisha Hines-Allen,1628899,1611661322,2022ps
Natasha Cloud,204333,1611661322,2022ps
Natasha Howard,203827,1611661313,2022ps
Natisha Hiedeman,1629567,1611661323,2022ps
Nia Clouden,1631002,1611661323,2022ps
Odyssey Sims,203824,1611661323,2022ps
Rebecca Allen,204296,1611661313,2022ps
Rebekah Gardner,203822,1611661329,2022ps
Reshanda Gray,204334,1611661317,2022ps
Riquna Williams,203029,1611661319,2022ps
Rui Machida,1630957,1611661322,2022ps
Ruthy Hebard,1630113,1611661329,2022ps
Sabrina Ionescu,1629477,1611661313,2022ps
Sam Thomas,1631068,1611661317,2022ps
Sami Whitcomb,1628244,1611661313,2022ps
Satou Sabally,1630149,1611661321,2022ps
Shakira Austin,1631022,1611661322,2022ps
Shatori Walker-Kimbrough,1628278,1611661322,2022ps
Shey Peddy,203035,1611661317,2022ps
Sophie Cunningham,1629482,1611661317,2022ps
Stefanie Dolson,203828,1611661313,2022ps
Stephanie Talbot,203855,1611661328,2022ps
Sue Bird,100720,1611661328,2022ps
Sydney Colson,202641,1611661319,2022ps
Teaira McCowan,1629479,1611661321,2022ps
Theresa Plaisance,203849,1611661319,2022ps
Tina Charles,202250,1611661328,2022ps
Tyasha Harris,1630112,1611661321,2022ps
Veronica Burton,1631007,1611661321,2022ps
Yvonne Turner,203389,1611661317,2022ps
A'ja Wilson,1628932,1611661319,2023ps
Aari McDonald,1630462,1611661330,2023ps
Aerial Powers,1627672,1611661324,2023ps
Alaina Coates,1628268,1611661319,2023ps
Alanna Smith,1629501,1611661329,2023ps
Allisha Gray,1628277,1611661330,2023ps
Alysha Clark,202252,1611661319,2023ps
Alyssa Thomas,203826,1611661323,2023ps
Ariel Atkins,1628878,1611661322,2023ps
Arike Ogunbowale,1629481,1611661321,2023ps
Asia (AD) Durr,1629476,1611661330,2023ps
Awak Kuier,1630386,1611661321,2023ps
Betnijah Laney-Hamilton,204335,1611661313,2023ps
Breanna Stewart,1627668,1611661313,2023ps
Bridget Carleton,1629524,1611661324,2023ps
Brittney Sykes,1628279,1611661322,2023ps
Cayla George,204297,1611661319,2023ps
Chelsea Gray,203833,1611661319,2023ps
Cheyenne Parker-Tyus,204323,1611661330,2023ps
Courtney Vandersloot,202664,1611661313,2023ps
Courtney Williams,1627675,1611661329,2023ps
Crystal Dangerfield,1630101,1611661321,2023ps
Dana Evans,1630389,1611661329,2023ps
Danielle Robinson,202658,1611661330,2023ps
DeWanna Bonner,201886,1611661323,2023ps
DiJonai Carrington,1630096,1611661323,2023ps
Diamond Miller,1641649,1611661324,2023ps
Dorka Juhász,1641657,1611661324,2023ps
Elena Delle Donne,203399,1611661322,2023ps
Elizabeth Williams,204322,1611661329,2023ps
Haley Jones,1641650,1611661330,2023ps
Iliana Rupert,1630387,1611661330,2023ps
Jackie Young,1629498,1611661319,2023ps
Jocelyn Willoughby,1630139,1611661313,2023ps
Jonquel Jones,1627673,1611661313,2023ps
Kahleah Copper,1627674,1611661329,2023ps
Kalani Brown,1629480,1611661321,2023ps
Kayla McBride,203825,1611661324,2023ps
Kayla Thornton,203866,1611661313,2023ps
Kelsey Plum,1628276,1611661319,2023ps
Kiah Stokes,204329,1611661319,2023ps
Kierstan Bell,1631006,1611661319,2023ps
Laeticia Amihere,1641656,1611661330,2023ps
Li Meng,1641642,1611661322,2023ps
Maddy Siegrist,1641652,1611661321,2023ps
Marina Mabrey,1629497,1611661329,2023ps
Marine Johannès,1629546,1611661313,2023ps
Monique Billings,1628881,1611661330,2023ps
Morgan Bertsch,1629571,1611661329,2023ps
Myisha Hines-Allen,1628899,1611661322,2023ps
Napheesa Collier,1629483,1611661324,2023ps
Natasha Cloud,204333,1611661322,2023ps
Natasha Howard,203827,1611661321,2023ps
Natisha Hiedeman,1629567,1611661323,2023ps
Naz Hillmon,1631044,1611661330,2023ps
Nikolina Milić,1631263,1611661324,2023ps
Odyssey Sims,203824,1611661321,2023ps
Olivia Nelson-Ododa,1631135,1611661323,2023ps
Queen Egbo,1631031,1611661322,2023ps
Rachel Banham,1627671,1611661324,2023ps
Rebecca Allen,204296,1611661323,2023ps
Rhyne Howard,1631009,1611661330,2023ps
Robyn Parks,1641641,1611661329,2023ps
Ruthy Hebard,1630113,1611661329,2023ps
Sabrina Ionescu,1629477,1611661313,2023ps
Satou Sabally,1630149,1611661321,2023ps
Shatori Walker-Kimbrough,1628278,1611661322,2023ps
Sika Koné,1631021,1611661329,2023ps
Stefanie Dolson,203828,1611661313,2023ps
Sydney Colson,202641,1611661319,2023ps
Teaira McCowan,1629479,1611661321,2023ps
Tianna Hawkins,203403,1611661322,2023ps
Tiffany Hayes,203026,1611661323,2023ps
Tiffany Mitchell,1627676,1611661324,2023ps
Tyasha Harris,1630112,1611661323,2023ps
Veronica Burton,1631007,1611661321,2023ps
A'ja Wilson,1628932,1611661319,2024ps
Alanna Smith,1629501,1611661324,2024ps
Aliyah Boston,1641648,1611661325,2024ps
Allisha Gray,1628277,1611661330,2024ps
Alysha Clark,202252,1611661319,2024ps
Alyssa Thomas,203826,1611661323,2024ps
Betnijah Laney-Hamilton,204335,1611661313,2024ps
Breanna Stewart,1627668,1611661313,2024ps
Bridget Carleton,1629524,1611661324,2024ps
Brionna Jones,1628280,1611661323,2024ps
Brittney Griner,203398,1611661317,2024ps
Caitlin Clark,1642286,1611661325,2024ps
Cecilia Zandalasini,1628508,1611661324,2024ps
Celeste Taylor,1642298,1611661317,2024ps
Chelsea Gray,203833,1611661319,2024ps
Courtney Vandersloot,202664,1611661313,2024ps
Courtney Williams,1627675,1611661324,2024ps
Damiris Dantas,203024,1611661325,2024ps
DeWanna Bonner,201886,1611661323,2024ps
DiJonai Carrington,1630096,1611661323,2024ps
Diana Taurasi,100940,1611661317,2024ps
Dorka Juhász,1641657,1611661324,2024ps
Erica Wheeler,204365,1611661325,2024ps
Ezi Magbegor,1629496,1611661328,2024ps
Ezinne Kalu,1642534,1611661330,2024ps
Gabby Williams,1628931,1611661328,2024ps
Haley Jones,1641650,1611661330,2024ps
Ivana Dojkić,1641602,1611661313,2024ps
Jackie Young,1629498,1611661319,2024ps
Jaylyn Sherrod,1642320,1611661313,2024ps
Jewell Loyd,204319,1611661328,2024ps
Jonquel Jones,1627673,1611661313,2024ps
Jordan Horston,1641651,1611661328,2024ps
Jordin Canada,1628886,1611661330,2024ps
Kahleah Copper,1627674,1611661317,2024ps
Katie Lou Samuelson,1629478,1611661325,2024ps
Kayla McBride,203825,1611661324,2024ps
Kayla Thornton,203866,1611661313,2024ps
Kelsey Mitchell,1628909,1611661325,2024ps
Kelsey Plum,1628276,1611661319,2024ps
Kennedy Burke,1629568,1611661313,2024ps
Kiah Stokes,204329,1611661319,2024ps
Kierstan Bell,1631006,1611661319,2024ps
Kristy Wallace,1628929,1611661325,2024ps
Laeticia Amihere,1641656,1611661330,2024ps
Leonie Fiebich,1630142,1611661313,2024ps
Lexie Hull,1631086,1611661325,2024ps
Lorela Cubaj,1631032,1611661330,2024ps
Marina Mabrey,1629497,1611661323,2024ps
Marquesha Davis,1642301,1611661313,2024ps
Maya Caldwell,1630471,1611661330,2024ps
Megan Gustafson,1629484,1611661319,2024ps
Mercedes Russell,1628920,1611661328,2024ps
Monique Billings,1628881,1611661317,2024ps
Myisha Hines-Allen,1628899,1611661324,2024ps
NaLyssa Smith,1631019,1611661325,2024ps
Napheesa Collier,1629483,1611661324,2024ps
Natasha Cloud,204333,1611661317,2024ps
Natasha Mack,1630442,1611661317,2024ps
Natisha Hiedeman,1629567,1611661324,2024ps
Naz Hillmon,1631044,1611661330,2024ps
Nia Coffey,1628269,1611661330,2024ps
Nneka Ogwumike,203014,1611661328,2024ps
Nyara Sabally,1631055,1611661313,2024ps
Olivia Nelson-Ododa,1631135,1611661323,2024ps
Rhyne Howard,1631009,1611661330,2024ps
Sabrina Ionescu,1629477,1611661313,2024ps
Sami Whitcomb,1628244,1611661328,2024ps
Skylar Diggins,203400,1611661328,2024ps
Sophie Cunningham,1629482,1611661317,2024ps
Sydney Colson,202641,1611661319,2024ps
Temi Fágbénlé,1627701,1611661325,2024ps
Tiffany Hayes,203026,1611661319,2024ps
Tina Charles,202250,1611661330,2024ps
Tyasha Harris,1630112,1611661323,2024ps
Veronica Burton,1631007,1611661323,2024ps
Victaria Saxton,1641687,1611661325,2024ps
Victoria Vivians,1628927,1611661328,2024ps
A'ja Wilson,1628932,1611661319,2025ps
Aaliyah Nye,1642801,1611661319,2025ps
Aerial Powers,1627672,1611661325,2025ps
Alanna Smith,1629501,1611661324,2025ps
Aliyah Boston,1641648,1611661325,2025ps
Allisha Gray,1628277,1611661330,2025ps
Alyssa Thomas,203826,1611661317,2025ps
Anastasiia Olairi Kosu,1642797,1611661324,2025ps
Breanna Stewart,1627668,1611661313,2025ps
Bree Hall,1642788,1611661325,2025ps
Brianna Turner,1629488,1611661325,2025ps
Bridget Carleton,1629524,1611661324,2025ps
Brionna Jones,1628280,1611661330,2025ps
Brittney Griner,203398,1611661330,2025ps
Brittney Sykes,1628279,1611661328,2025ps
Camryn Taylor,1642344,1611661324,2025ps
Carla Leite,1642304,1611661331,2025ps
Cecilia Zandalasini,1628508,1611661331,2025ps
Chelsea Gray,203833,1611661319,2025ps
Cheyenne Parker-Tyus,204323,1611661319,2025ps
Courtney Williams,1627675,1611661324,2025ps
Dana Evans,1630389,1611661319,2025ps
DeWanna Bonner,201886,1611661317,2025ps
DiJonai Carrington,1630096,1611661324,2025ps
Dominique Malonga,1642798,1611661328,2025ps
Emma Meesseman,203416,1611661313,2025ps
Erica Wheeler,204365,1611661328,2025ps
Ezi Magbegor,1629496,1611661328,2025ps
Gabby Williams,1628931,1611661328,2025ps
Iliana Rupert,1630387,1611661331,2025ps
Isabelle Harrison,204330,1611661313,2025ps
Jackie Young,1629498,1611661319,2025ps
Janelle Salaün,1642767,1611661331,2025ps
Jaylyn Sherrod,1642320,1611661324,2025ps
Jessica Shepard,1629491,1611661324,2025ps
Jewell Loyd,204319,1611661319,2025ps
Jonquel Jones,1627673,1611661313,2025ps
Jordin Canada,1628886,1611661330,2025ps
Kahleah Copper,1627674,1611661317,2025ps
Kaila Charles,1630097,1611661331,2025ps
Kaitlyn Chen,1642822,1611661331,2025ps
Kalani Brown,1629480,1611661317,2025ps
Kate Martin,1642324,1611661331,2025ps
Kathryn Westbeld,1628957,1611661317,2025ps
Kayla McBride,203825,1611661324,2025ps
Kelsey Mitchell,1628909,1611661325,2025ps
Kennedy Burke,1629568,1611661313,2025ps
Kiana Williams,1630461,1611661317,2025ps
Kierstan Bell,1631006,1611661319,2025ps
Kitija Laksa,1629490,1611661317,2025ps
Leonie Fiebich,1630142,1611661313,2025ps
Lexi Held,1631118,1611661317,2025ps
Lexie Brown,1628882,1611661328,2025ps
Lexie Hull,1631086,1611661325,2025ps
Makayla Timpson,1642815,1611661325,2025ps
Maria Kliundikova,1628926,1611661324,2025ps
Marine Johannès,1629546,1611661313,2025ps
Maya Caldwell,1630471,1611661330,2025ps
Megan Gustafson,1629484,1611661319,2025ps
Monique Akoa Makani,1642777,1611661317,2025ps
Monique Billings,1628881,1611661331,2025ps
NaLyssa Smith,1631019,1611661319,2025ps
Napheesa Collier,1629483,1611661324,2025ps
Natasha Cloud,204333,1611661313,2025ps
Natasha Howard,203827,1611661325,2025ps
Natasha Mack,1630442,1611661317,2025ps
Natisha Hiedeman,1629567,1611661324,2025ps
Naz Hillmon,1631044,1611661330,2025ps
Nia Coffey,1628269,1611661330,2025ps
Nneka Ogwumike,203014,1611661328,2025ps
Nyara Sabally,1631055,1611661313,2025ps
Odyssey Sims,203824,1611661325,2025ps
Rebekah Gardner,203822,1611661313,2025ps
Rhyne Howard,1631009,1611661330,2025ps
Sabrina Ionescu,1629477,1611661313,2025ps
Sami Whitcomb,1628244,1611661317,2025ps
Satou Sabally,1630149,1611661317,2025ps
Shey Peddy,203035,1611661325,2025ps
Sika Koné,1631021,1611661330,2025ps
Skylar Diggins,203400,1611661328,2025ps
Stephanie Talbot,203855,1611661313,2025ps
Te-Hina Paopao,1642804,1611661330,2025ps
Temi Fágbénlé,1627701,1611661331,2025ps
Tiffany Mitchell,1627676,1611661328,2025ps
Veronica Burton,1631007,1611661331,2025ps
Zia Cooke,1641660,1611661328,2025ps
