GRID_TYPE,GAME_ID,GAME_EVENT_ID,PLAYER_ID,PLAYER_NAME,TEAM_ID,TEAM_NAME,PERIOD,MINUTES_REMAINING,SECONDS_REMAINING,EVENT_TYPE,ACTION_TYPE,SHOT_TYPE,SHOT_ZONE_BASIC,SHOT_ZONE_AREA,SHOT_ZONE_RANGE,SHOT_DISTANCE,LOC_X,LOC_Y,SHOT_ATTEMPTED_FLAG,SHOT_MADE_FLAG,GAME_DATE,HTM,VTM,SEASON,SHOT_ID,time,SHOT_DATA_STATUS,ASSIST_ID,assisted,ASSIST_STATUS,PBP_SOURCE,OPP_TEAM_ID,PLAYERS_ON,LINEUP_STATUS,LINEUP_SOURCE,OPP_PLAYERS_ON,OPP_LINEUP_STATUS,OPP_LINEUP_SOURCE
Shot Chart Detail,1022200004,218,1628931,Gabby Williams,1611661328,Seattle Storm,2,3,56,Missed Shot,Jump Shot,3PT Field Goal,Above the Break 3,Right Side Center(RC),24+ ft.,26,191,188,1,0,20220506,SEA,MIN,2022,1022200004218,9640,validated,,0,matched,playbyplayv2,1611661324,100720|202650|204319|1628931|1629496,complete,playbyplay_inferred,201480|203389|203824|1627672|1631263,complete,playbyplay_inferred
Shot Chart Detail,1022200004,254,1628931,Gabby Williams,1611661328,Seattle Storm,2,1,48,Made Shot,Putback Layup Shot,2PT Field Goal,Restricted Area,Center(C),Less Than 8 ft.,1,17,10,1,1,20220506,SEA,MIN,2022,1022200004254,10920,validated,,0,matched,playbyplayv2,1611661324,100720|204319|1627668|1628931|1629496,complete,playbyplay_inferred,201480|203389|203824|1627672|1631263,complete,playbyplay_inferred
Shot Chart Detail,1022200004,330,1628931,Gabby Williams,1611661328,Seattle Storm,3,6,11,Made Shot,Jump Shot,3PT Field Goal,Above the Break 3,Left Side(L),24+ ft.,23,-226,70,1,1,20220506,SEA,MIN,2022,1022200004330,14290,validated,204319,1,matched,playbyplayv2,1611661324,100720|204319|1627668|1628931|1629496,complete,playbyplay_inferred,201480|203824|1627671|1627672|1629491,complete,playbyplay_inferred
Shot Chart Detail,1022200008,46,1628931,Gabby Williams,1611661328,Seattle Storm,1,6,28,Missed Shot,Pullup Jump shot,2PT Field Goal,Mid-Range,Right Side Center(RC),16-24 ft.,19,131,141,1,0,20220508,LVA,SEA,2022,102220000846,2120,validated,,0,matched,playbyplayv2,1611661319,100720|204319|1627668|1628931|1629496,complete,playbyplay_inferred,203833|204324|1628276|1628932|1629498,complete,playbyplay_inferred
Shot Chart Detail,1022200008,251,1628931,Gabby Williams,1611661328,Seattle Storm,2,4,26,Missed Shot,Driving Layup Shot,2PT Field Goal,Restricted Area,Center(C),Less Than 8 ft.,3,24,24,1,0,20220508,LVA,SEA,2022,1022200008251,9340,validated,,0,matched,playbyplayv2,1611661319,100720|204319|1627668|1628931|1629496,complete,playbyplay_inferred,203833|204324|1628276|1628932|1629498,complete,playbyplay_inferred
Shot Chart Detail,1022200008,303,1628931,Gabby Williams,1611661328,Seattle Storm,3,7,13,Missed Shot,Layup Shot,2PT Field Goal,Restricted Area,Center(C),Less Than 8 ft.,2,11,24,1,0,20220508,LVA,SEA,2022,1022200008303,13670,validated,,0,matched,playbyplayv2,1611661319,100720|204319|1627668|1628931|1629496,complete,playbyplay_inferred,203833|204324|1628276|1628932|1629498,complete,playbyplay_inferred
Shot Chart Detail,1022200008,321,1628931,Gabby Williams,1611661328,Seattle Storm,3,6,26,Missed Shot,Jump Shot,3PT Field Goal,Left Corner 3,Left Side(L),24+ ft.,22,-226,17,1,0,20220508,LVA,SEA,2022,1022200008321,14140,validated,,0,matched,playbyplayv2,1611661319,100720|202650|204319|1627668|1628931,complete,playbyplay_inferred,203833|204324|1628276|1628932|1629498,complete,playbyplay_inferred
Shot Chart Detail,1022200008,346,1628931,Gabby Williams,1611661328,Seattle Storm,3,4,56,Missed Shot,Jump Shot,3PT Field Goal,Above the Break 3,Left Side Center(LC),24+ ft.,26,-170,205,1,0,20220508,LVA,SEA,2022,1022200008346,15040,validated,,0,matched,playbyplayv2,1611661319,100720|201896|202650|1627668|1628931,complete,playbyplay_inferred,202641|204324|1628276|1628932|1629498,complete,playbyplay_inferred
Shot Chart Detail,1022200008,468,1628931,Gabby Williams,1611661328,Seattle Storm,4,7,51,Missed Shot,Pullup Jump shot,2PT Field Goal,Mid-Range,Right Side(R),16-24 ft.,19,157,113,1,0,20220508,LVA,SEA,2022,1022200008468,19290,validated,,0,matched,playbyplayv2,1611661319,100720|204319|204334|1627668|1628931,complete,playbyplay_inferred,203833|204324|1628276|1628932|1629498,complete,playbyplay_inferred
Shot Chart Detail,1022200008,497,1628931,Gabby Williams,1611661328,Seattle Storm,4,5,38,Missed Shot,Running Layup Shot,2PT Field Goal,Restricted Area,Center(C),Less Than 8 ft.,2,21,13,1,0,20220508,LVA,SEA,2022,1022200008497,20620,validated,,0,matched,playbyplayv2,1611661319,100720|204319|204334|1627668|1628931,complete,playbyplay_inferred,203833|204324|1628276|1628932|1629498,complete,playbyplay_inferred
Shot Chart Detail,1022200014,10,1628931,Gabby Williams,1611661328,Seattle Storm,1,9,37,Made Shot,Pullup Jump shot,3PT Field Goal,Above the Break 3,Right Side(R),16-24 ft.,22,191,125,1,1,20220511,PHO,SEA,2022,102220001410,230,validated,,0,matched,playbyplayv2,1611661317,100720|202650|204319|1628931|1629496,complete,playbyplay_inferred,100940|202250|203035|203400|1629488,complete,playbyplay_inferred
Shot Chart Detail,1022200014,43,1628931,Gabby Williams,1611661328,Seattle Storm,1,7,6,Missed Shot,Driving Layup Shot,2PT Field Goal,Restricted Area,Center(C),Less Than 8 ft.,3,22,28,1,0,20220511,PHO,SEA,2022,102220001443,1740,validated,,0,matched,playbyplayv2,1611661317,100720|202650|204319|1628931|1629496,complete,playbyplay_inferred,100940|202250|203035|203400|1629488,complete,playbyplay_inferred
Shot Chart Detail,1022200014,69,1628931,Gabby Williams,1611661328,Seattle Storm,1,5,2,Missed Shot,Jump Shot,3PT Field Goal,Left Corner 3,Left Side(L),24+ ft.,24,-243,-14,1,0,20220511,PHO,SEA,2022,102220001469,2980,validated,,0,matched,playbyplayv2,1611661317,100720|203855|204334|1628931|1629496,complete,playbyplay_inferred,100940|202250|203035|203400|1629482,complete,playbyplay_inferred
Shot Chart Detail,1022200014,166,1628931,Gabby Williams,1611661328,Seattle Storm,2,9,3,Made Shot,Driving Layup Shot,2PT Field Goal,Restricted Area,Center(C),Less Than 8 ft.,1,-9,9,1,1,20220511,PHO,SEA,2022,1022200014166,6570,validated,,0,matched,playbyplayv2,1611661317,201896|203855|204319|1628931|1629496,complete,playbyplay_inferred,100940|202250|203035|1628890|1629484,complete,playbyplay_inferred
Shot Chart Detail,1022200014,201,1628931,Gabby Williams,1611661328,Seattle Storm,2,7,2,Missed Shot,Jump Shot,3PT Field Goal,Above the Break 3,Left Side Center(LC),24+ ft.,26,-176,197,1,0,20220511,PHO,SEA,2022,1022200014201,7780,validated,,0,matched,playbyplayv2,1611661317,201896|202650|203855|204319|1628931,complete,playbyplay_inferred,100940|202250|203035|203400|1629488,complete,playbyplay_inferred
Shot Chart Detail,1022200014,205,1628931,Gabby Williams,1611661328,Seattle Storm,2,6,29,Missed Shot,Driving Reverse Layup Shot,2PT Field Goal,Restricted Area,Center(C),Less Than 8 ft.,0,2,-3,1,0,20220511,PHO,SEA,2022,1022200014205,8110,validated,,0,matched,playbyplayv2,1611661317,201896|202650|203855|204319|1628931,complete,playbyplay_inferred,100940|202250|203035|203400|1629488,complete,playbyplay_inferred
Shot Chart Detail,1022200014,340,1628931,Gabby Williams,1611661328,Seattle Storm,3,7,5,Missed Shot,Turnaround Jump Shot,2PT Field Goal,Restricted Area,Center(C),Less Than 8 ft.,2,-19,10,1,0,20220511,PHO,SEA,2022,1022200014340,13750,validated,,0,matched,playbyplayv2,1611661317,100720|202650|204319|1628931|1629496,complete,playbyplay_inferred,100940|202250|1628890|1629482|1629488,complete,playbyplay_inferred
Shot Chart Detail,1022200014,344,1628931,Gabby Williams,1611661328,Seattle Storm,3,7,3,Missed Shot,Turnaround Jump Shot,2PT Field Goal,Mid-Range,Right Side(R),16-24 ft.,16,152,50,1,0,20220511,PHO,SEA,2022,1022200014344,13770,validated,,0,matched,playbyplayv2,1611661317,100720|202650|204319|1628931|1629496,complete,playbyplay_inferred,100940|202250|1628890|1629482|1629488,complete,playbyplay_inferred
Shot Chart Detail,1022200014,490,1628931,Gabby Williams,1611661328,Seattle Storm,4,7,38,Missed Shot,Pullup Jump shot,2PT Field Goal,Mid-Range,Center(C),16-24 ft.,16,32,160,1,0,20220511,PHO,SEA,2022,1022200014490,19420,validated,,0,matched,playbyplayv2,1611661317,201896|204319|1628931|1629496|1631073,complete,playbyplay_inferred,100940|202250|203035|203400|1629482,complete,playbyplay_inferred
Shot Chart Detail,1022200014,538,1628931,Gabby Williams,1611661328,Seattle Storm,4,3,50,Missed Shot,Jump Shot,3PT Field Goal,Above the Break 3,Right Side Center(RC),24+ ft.,25,233,92,1,0,20220511,PHO,SEA,2022,1022200014538,21700,validated,,0,matched,playbyplayv2,1611661317,100720|201896|204319|1628931|1629496,complete,playbyplay_inferred,100940|202250|203400|1628890|1629488,complete,playbyplay_inferred
Shot Chart Detail,1022200014,561,1628931,Gabby Williams,1611661328,Seattle Storm,4,1,37,Missed Shot,Fadeaway Jump Shot,2PT Field Goal,Restricted Area,Center(C),Less Than 8 ft.,2,-17,12,1,0,20220511,PHO,SEA,2022,1022200014561,23030,validated,,0,matched,playbyplayv2,1611661317,100720|201896|204319|1628931|1629496,complete,playbyplay_inferred,100940|202250|203400|1628890|1629488,complete,playbyplay_inferred
Shot Chart Detail,1022200018,42,1628931,Gabby Williams,1611661328,Seattle Storm,1,6,15,Made Shot,Jump Shot,3PT Field Goal,Above the Break 3,Right Side Center(RC),24+ ft.,24,145,194,1,1,20220514,SEA,PHO,2022,102220001842,2250,validated,204319,1,matched,playbyplayv2,1611661317,100720|203855|204319|1628931|1629496,complete,playbyplay_inferred,100940|202250|203035|203400|1629488,complete,playbyplay_inferred
Shot Chart Detail,1022200018,159,1628931,Gabby Williams,1611661328,Seattle Storm,2,5,39,Missed Shot,Turnaround Jump Shot,2PT Field Goal,Mid-Range,Right Side(R),8-16 ft.,12,123,36,1,0,20220514,SEA,PHO,2022,1022200018159,8610,validated,,0,matched,playbyplayv2,1611661317,100720|201896|202650|204334|1628931,complete,playbyplay_inferred,100940|203035|203400|1629482|1629488,complete,playbyplay_inferred
Shot Chart Detail,1022200018,261,1628931,Gabby Williams,1611661328,Seattle Storm,3,8,17,Missed Shot,Driving Floating Bank Jump Shot,2PT Field Goal,In The Paint (Non-RA),Center(C),Less Than 8 ft.,7,66,33,1,0,20220514,SEA,PHO,2022,1022200018261,13030,validated,,0,matched,playbyplayv2,1611661317,100720|203855|204319|1628931|1629496,complete,playbyplay_inferred,100940|202250|203035|203400|1629488,complete,playbyplay_inferred
Shot Chart Detail,1022200018,276,1628931,Gabby Williams,1611661328,Seattle Storm,3,6,38,Missed Shot,Pullup Jump shot,2PT Field Goal,Mid-Range,Left Side Center(LC),16-24 ft.,17,-127,122,1,0,20220514,SEA,PHO,2022,1022200018276,14020,validated,,0,matched,playbyplayv2,1611661317,100720|203855|204319|1628931|1629496,complete,playbyplay_inferred,100940|202250|203035|203400|1629488,complete,playbyplay_inferred
Shot Chart Detail,1022200018,352,1628931,Gabby Williams,1611661328,Seattle Storm,3,0,19,Missed Shot,Jump Shot,2PT Field Goal,In The Paint (Non-RA),Center(C),8-16 ft.,12,6,122,1,0,20220514,SEA,PHO,2022,1022200018352,17810,validated,,0,matched,playbyplayv2,1611661317,201896|202650|203855|1628931|1629496,complete,playbyplay_inferred,100940|202250|203400|1628890|1629482,complete,playbyplay_inferred
Shot Chart Detail,1022200018,367,1628931,Gabby Williams,1611661328,Seattle Storm,4,9,21,Missed Shot,Jump Shot,3PT Field Goal,Above the Break 3,Center(C),24+ ft.,24,15,242,1,0,20220514,SEA,PHO,2022,1022200018367,18390,validated,,0,matched,playbyplayv2,1611661317,201896|202650|203855|1628931|1629496,complete,playbyplay_inferred,100940|202250|203400|1628890|1629482,complete,playbyplay_inferred
Shot Chart Detail,1022200018,380,1628931,Gabby Williams,1611661328,Seattle Storm,4,8,15,Made Shot,Layup Shot,2PT Field Goal,Restricted Area,Center(C),Less Than 8 ft.,0,9,2,1,1,20220514,SEA,PHO,2022,1022200018380,19050,validated,203855,1,matched,playbyplayv2,1611661317,201896|202650|203855|1628931|1629496,complete,playbyplay_inferred,100940|203400|1628890|1629482|1629488,complete,playbyplay_inferred
Shot Chart Detail,1022200018,473,1628931,Gabby Williams,1611661328,Seattle Storm,4,0,50,Missed Shot,Reverse Layup Shot,2PT Field Goal,Restricted Area,Center(C),Less Than 8 ft.,3,29,9,1,0,20220514,SEA,PHO,2022,1022200018473,23500,validated,,0,matched,playbyplayv2,1611661317,100720|203855|204319|1628931|1629496,complete,playbyplay_inferred,100940|202250|203400|1628890|1629488,complete,playbyplay_inferred
Shot Chart Detail,1022200028,17,1628931,Gabby Williams,1611661328,Seattle Storm,1,8,32,Missed Shot,Jump Shot,3PT Field Goal,Above the Break 3,Left Side(L),16-24 ft.,22,-212,87,1,0,20220518,SEA,CHI,2022,102220002817,880,validated,,0,matched,playbyplayv2,1611661329,100720|204319|1627668|1628931|1629496,complete,playbyplay_inferred,201496|201516|202664|203416|1628922,complete,playbyplay_inferred
Shot Chart Detail,1022200028,236,1628931,Gabby Williams,1611661328,Seattle Storm,2,2,39,Made Shot,Layup Shot,2PT Field Goal,Restricted Area,Center(C),Less Than 8 ft.,2,-24,7,1,1,20220518,SEA,CHI,2022,1022200028236,10410,validated,1629496,1,matched,playbyplayv2,1611661329,100720|204319|1627668|1628931|1629496,complete,playbyplay_inferred,201496|202664|203416|203822|1628922,complete,playbyplay_inferred
Shot Chart Detail,1022200028,266,1628931,Gabby Williams,1611661328,Seattle Storm,2,0,28,Made Shot,Layup Shot,2PT Field Goal,Restricted Area,Center(C),Less Than 8 ft.,1,-12,5,1,1,20220518,SEA,CHI,2022,1022200028266,11720,validated,204319,1,matched,playbyplayv2,1611661329,100720|204319|1627668|1628931|1629496,complete,playbyplay_inferred,202664|203416|203822|1628922|1630113,complete,playbyplay_inferred
Shot Chart Detail,1022200028,321,1628931,Gabby Williams,1611661328,Seattle Storm,3,6,25,Missed Shot,Fadeaway Jump Shot,2PT Field Goal,Mid-Range,Right Side(R),8-16 ft.,10,107,9,1,0,20220518,SEA,CHI,2022,1022200028321,14150,validated,,0,matched,playbyplayv2,1611661329,100720|204319|1627668|1628931|1629496,complete,playbyplay_inferred,201496|201516|202664|203416|203822,complete,playbyplay_inferred
Shot Chart Detail,1022200028,511,1628931,Gabby Williams,1611661328,Seattle Storm,4,2,28,Made Shot,Jump Shot,3PT Field Goal,Above the Break 3,Left Side Center(LC),24+ ft.,26,-179,189,1,1,20220518,SEA,CHI,2022,1022200028511,22520,validated,100720,1,matched,playbyplayv2,1611661329,100720|204319|1627668|1628931|1629496,complete,playbyplay_inferred,201496|202664|203416|203822|1628922,complete,playbyplay_inferred
Shot Chart Detail,1022200033,20,1628931,Gabby Williams,1611661328,Seattle Storm,1,8,41,Made Shot,Running Jump Shot,3PT Field Goal,Above the Break 3,Left Side Center(LC),24+ ft.,24,-219,102,1,1,20220520,SEA,LAS,2022,102220003320,790,validated,100720,1,matched,playbyplayv2,1611661320,100720|204319|1627668|1628931|1629496,complete,playbyplay_inferred,202633|203014|1628279|1628882|1628886,complete,playbyplay_inferred
Shot Chart Detail,1022200033,23,1628931,Gabby Williams,1611661328,Seattle Storm,1,8,4,Made Shot,Cutting Layup Shot,2PT Field Goal,Restricted Area,Center(C),Less Than 8 ft.,1,-19,4,1,1,20220520,SEA,LAS,2022,102220003323,1160,validated,100720,1,matched,playbyplayv2,1611661320,100720|204319|1627668|1628931|1629496,complete,playbyplay_inferred,202633|203014|1628279|1628882|1628886,complete,playbyplay_inferred
Shot Chart Detail,1022200033,86,1628931,Gabby Williams,1611661328,Seattle Storm,1,3,1,Missed Shot,Jump Shot,3PT Field Goal,Left Corner 3,Left Side(L),24+ ft.,22,-224,13,1,0,20220520,SEA,LAS,2022,102220003386,4190,validated,,0,matched,playbyplayv2,1611661320,100720|202650|204319|1627668|1628931,complete,playbyplay_inferred,203014|1628279|1628882|1628886|1629478,complete,playbyplay_inferred
Shot Chart Detail,1022200033,254,1628931,Gabby Williams,1611661328,Seattle Storm,2,1,54,Missed Shot,Jump Shot,3PT Field Goal,Right Corner 3,Right Side(R),24+ ft.,23,234,17,1,0,20220520,SEA,LAS,2022,1022200033254,10860,validated,,0,matched,playbyplayv2,1611661320,100720|204319|204334|1627668|1628931,complete,playbyplay_inferred,203014|1628279|1628882|1628886|1631135,complete,playbyplay_inferred
Shot Chart Detail,1022200033,311,1628931,Gabby Williams,1611661328,Seattle Storm,3,7,58,Missed Shot,Driving Floating Jump Shot,2PT Field Goal,In The Paint (Non-RA),Center(C),8-16 ft.,13,54,119,1,0,20220520,SEA,LAS,2022,1022200033311,13220,validated,,0,matched,playbyplayv2,1611661320,100720|204319|1627668|1628931|1629496,complete,playbyplay_inferred,202633|203014|1628279|1628882|1628886,complete,playbyplay_inferred
Shot Chart Detail,1022200046,30,1628931,Gabby Williams,1611661328,Seattle Storm,1,7,35,Missed Shot,Jump Shot,3PT Field Goal,Left Corner 3,Left Side(L),24+ ft.,22,-223,-7,1,0,20220527,SEA,NYL,2022,102220004630,1450,validated,,0,matched,playbyplayv2,1611661313,201896|202650|204319|1627668|1628931,complete,playbyplay_inferred,203827|203828|204296|1628244|1629477,complete,playbyplay_inferred
Shot Chart Detail,1022200046,123,1628931,Gabby Williams,1611661328,Seattle Storm,1,1,44,Made Shot,Jump Shot,2PT Field Goal,Mid-Range,Right Side(R),16-24 ft.,20,206,18,1,1,20220527,SEA,NYL,2022,1022200046123,4960,validated,,0,matched,playbyplayv2,1611661313,202259|204319|204334|1627668|1628931,complete,playbyplay_inferred,204296|1629476|1629566|1630101|1630446,complete,playbyplay_inferred
Shot Chart Detail,1022200046,130,1628931,Gabby Williams,1611661328,Seattle Storm,1,1,1,Made Shot,Driving Layup Shot,2PT Field Goal,Restricted Area,Center(C),Less Than 8 ft.,2,17,12,1,1,20220527,SEA,NYL,2022,1022200046130,5390,validated,,0,matched,playbyplayv2,1611661313,202259|204319|204334|1627668|1628931,complete,playbyplay_inferred,204296|1629476|1629566|1630101|1630446,complete,playbyplay_inferred
Shot Chart Detail,1022200046,136,1628931,Gabby Williams,1611661328,Seattle Storm,1,0,20,Missed Shot,Fadeaway Jump Shot,2PT Field Goal,Restricted Area,Center(C),Less Than 8 ft.,3,-18,26,1,0,20220527,SEA,NYL,2022,1022200046136,5800,validated,,0,matched,playbyplayv2,1611661313,202259|202650|204319|204334|1628931,complete,playbyplay_inferred,1629476|1629477|1629566|1630101|1630446,complete,playbyplay_inferred
Shot Chart Detail,1022200046,142,1628931,Gabby Williams,1611661328,Seattle Storm,1,0,0,Missed Shot,Jump Shot,3PT Field Goal,Left Corner 3,Left Side(L),24+ ft.,22,-228,-4,1,0,20220527,SEA,NYL,2022,1022200046142,6000,validated,,0,matched,playbyplayv2,1611661313,202259|202650|204319|204334|1628931,complete,playbyplay_inferred,1629476|1629477|1629566|1630101|1630446,complete,playbyplay_inferred
Shot Chart Detail,1022200046,262,1628931,Gabby Williams,1611661328,Seattle Storm,2,1,47,Missed Shot,Driving Layup Shot,2PT Field Goal,In The Paint (Non-RA),Center(C),Less Than 8 ft.,4,33,36,1,0,20220527,SEA,NYL,2022,1022200046262,10930,validated,,0,matched,playbyplayv2,1611661313,201896|202650|204319|1627668|1628931,complete,playbyplay_inferred,203828|204296|1629477|1629566|1630101,complete,playbyplay_inferred
Shot Chart Detail,1022200046,267,1628931,Gabby Williams,1611661328,Seattle Storm,2,1,13,Missed Shot,Layup Shot,2PT Field Goal,Restricted Area,Center(C),Less Than 8 ft.,3,-30,12,1,0,20220527,SEA,NYL,2022,1022200046267,11270,validated,,0,matched,playbyplayv2,1611661313,201896|202650|204319|1627668|1628931,complete,playbyplay_inferred,203828|204296|1629477|1629566|1630101,complete,playbyplay_inferred
Shot Chart Detail,1022200046,387,1628931,Gabby Williams,1611661328,Seattle Storm,3,0,28,Missed Shot,Jump Shot,2PT Field Goal,Mid-Range,Right Side(R),8-16 ft.,11,110,25,1,0,20220527,SEA,NYL,2022,1022200046387,17720,validated,,0,matched,playbyplayv2,1611661313,201896|202259|202650|204334|1628931,complete,playbyplay_inferred,203827|204296|1628244|1629566|1630101,complete,playbyplay_inferred
Shot Chart Detail,1022200046,432,1628931,Gabby Williams,1611661328,Seattle Storm,4,6,56,Missed Shot,Layup Shot,2PT Field Goal,Restricted Area,Center(C),Less Than 8 ft.,2,19,22,1,0,20220527,SEA,NYL,2022,1022200046432,19840,validated,,0,matched,playbyplayv2,1611661313,202259|202650|204319|1627668|1628931,complete,playbyplay_inferred,203828|204296|1629477|1629566|1630101,complete,playbyplay_inferred
Shot Chart Detail,1022200046,609,1628931,Gabby Williams,1611661328,Seattle Storm,5,0,38,Missed Shot,Jump Shot,2PT Field Goal,Mid-Range,Right Side(R),8-16 ft.,12,123,1,1,0,20220527,SEA,NYL,2022,1022200046609,26620,validated,,0,matched,playbyplayv2,1611661313,201896|202259|204319|1627668|1628931,complete,playbyplay_inferred,203828|204296|1629477|1629566|1630101,complete,playbyplay_inferred
Shot Chart Detail,1022200050,9,1628931,Gabby Williams,1611661328,Seattle Storm,1,9,26,Missed Shot,Jump Shot,3PT Field Goal,Above the Break 3,Left Side Center(LC),24+ ft.,24,-185,160,1,0,20220529,SEA,NYL,2022,10222000509,340,validated,,0,matched,playbyplayv2,1611661313,201896|202650|204319|1627668|1628931,complete,playbyplay_inferred,203827|203828|204296|1628244|1629477,complete,playbyplay_inferred
Shot Chart Detail,1022200050,32,1628931,Gabby Williams,1611661328,Seattle Storm,1,7,4,Made Shot,Cutting Layup Shot,2PT Field Goal,Restricted Area,Center(C),Less Than 8 ft.,2,24,5,1,1,20220529,SEA,NYL,2022,102220005032,1760,validated,202650,1,matched,playbyplayv2,1611661313,201896|202650|204319|1627668|1628931,complete,playbyplay_inferred,203827|203828|204296|1628244|1629477,complete,playbyplay_inferred
Shot Chart Detail,1022200050,74,1628931,Gabby Williams,1611661328,Seattle Storm,1,3,29,Made Shot,Running Layup Shot,2PT Field Goal,Restricted Area,Center(C),Less Than 8 ft.,1,11,9,1,1,20220529,SEA,NYL,2022,102220005074,3910,validated,204319,1,matched,playbyplayv2,1611661313,201896|204319|204334|1627668|1628931,complete,playbyplay_inferred,203827|204296|1629566|1630101|1630446,complete,playbyplay_inferred
Shot Chart Detail,1022200050,101,1628931,Gabby Williams,1611661328,Seattle Storm,1,1,55,Missed Shot,Pullup Jump shot,2PT Field Goal,Mid-Range,Left Side(L),16-24 ft.,17,-173,-6,1,0,20220529,SEA,NYL,2022,1022200050101,4850,validated,,0,matched,playbyplayv2,1611661313,202259|202650|204334|1628931|1630461,complete,playbyplay_inferred,203828|1629476|1629566|1630101|1630446,complete,playbyplay_inferred
Shot Chart Detail,1022200050,259,1628931,Gabby Williams,1611661328,Seattle Storm,2,1,5,Missed Shot,Pullup Jump shot,2PT Field Goal,Mid-Range,Right Side(R),16-24 ft.,16,167,-12,1,0,20220529,SEA,NYL,2022,1022200050259,11350,validated,,0,matched,playbyplayv2,1611661313,201896|202650|204319|1628273|1628931,complete,playbyplay_inferred,1628244|1629476|1629566|1630101|1630446,complete,playbyplay_inferred
Shot Chart Detail,1022200050,309,1628931,Gabby Williams,1611661328,Seattle Storm,3,7,24,Missed Shot,Driving Layup Shot,2PT Field Goal,Restricted Area,Center(C),Less Than 8 ft.,3,-32,4,1,0,20220529,SEA,NYL,2022,1022200050309,13560,validated,,0,matched,playbyplayv2,1611661313,201896|202650|204319|1627668|1628931,complete,playbyplay_inferred,203827|203828|204296|1628244|1629477,complete,playbyplay_inferred
Shot Chart Detail,1022200050,426,1628931,Gabby Williams,1611661328,Seattle Storm,4,8,11,Made Shot,Tip Layup Shot,2PT Field Goal,Restricted Area,Center(C),Less Than 8 ft.,0,0,-6,1,1,20220529,SEA,NYL,2022,1022200050426,19090,validated,,0,matched,playbyplayv2,1611661313,204319|204334|1628273|1628931|1630461,complete,playbyplay_inferred,1628244|1629476|1629566|1630101|1630446,complete,playbyplay_inferred
Shot Chart Detail,1022200050,478,1628931,Gabby Williams,1611661328,Seattle Storm,4,4,19,Made Shot,Jump Shot,3PT Field Goal,Above the Break 3,Left Side Center(LC),24+ ft.,26,-177,201,1,1,20220529,SEA,NYL,2022,1022200050478,21410,validated,1630461,1,matched,playbyplayv2,1611661313,202259|204334|1628273|1628931|1630461,complete,playbyplay_inferred,203827|1629476|1629477|1629566|1630101,complete,playbyplay_inferred
Shot Chart Detail,1022200050,502,1628931,Gabby Williams,1611661328,Seattle Storm,4,2,11,Missed Shot,Pullup Jump shot,2PT Field Goal,Mid-Range,Right Side(R),8-16 ft.,14,96,108,1,0,20220529,SEA,NYL,2022,1022200050502,22690,validated,,0,matched,playbyplayv2,1611661313,202259|204334|1628273|1628931|1630461,complete,playbyplay_inferred,204296|1629476|1629566|1630101|1630446,complete,playbyplay_inferred
Shot Chart Detail,1022200062,54,1628931,Gabby Williams,1611661328,Seattle Storm,1,5,19,Missed Shot,Jump Shot,3PT Field Goal,Above the Break 3,Center(C),24+ ft.,25,-74,244,1,0,20220603,SEA,DAL,2022,102220006254,2810,validated,,0,matched,playbyplayv2,1611661321,201896|202650|204319|1627668|1628931,complete,playbyplay_inferred,203866|1628277|1629481|1629497|1630149,complete,playbyplay_inferred
Shot Chart Detail,1022200062,198,1628931,Gabby Williams,1611661328,Seattle Storm,2,5,54,Made Shot,Turnaround Jump Shot,2PT Field Goal,Mid-Range,Left Side(L),8-16 ft.,12,-111,54,1,1,20220603,SEA,DAL,2022,1022200062198,8460,validated,201896,1,matched,playbyplayv2,1611661321,201896|202650|204319|1627668|1628931,complete,playbyplay_inferred,203866|1628277|1629497|1630112|1630149,complete,playbyplay_inferred
Shot Chart Detail,1022200062,225,1628931,Gabby Williams,1611661328,Seattle Storm,2,3,54,Missed Shot,Reverse Layup Shot,2PT Field Goal,In The Paint (Non-RA),Center(C),Less Than 8 ft.,4,43,17,1,0,20220603,SEA,DAL,2022,1022200062225,9660,validated,,0,matched,playbyplayv2,1611661321,201896|204319|1627668|1628920|1628931,complete,playbyplay_inferred,203866|204330|1628277|1629497|1630149,complete,playbyplay_inferred
Shot Chart Detail,1022200062,271,1628931,Gabby Williams,1611661328,Seattle Storm,2,0,21,Made Shot,Driving Layup Shot,2PT Field Goal,In The Paint (Non-RA),Center(C),Less Than 8 ft.,5,54,20,1,1,20220603,SEA,DAL,2022,1022200062271,11790,validated,201896,1,matched,playbyplayv2,1611661321,201896|204319|1627668|1628920|1628931,complete,playbyplay_inferred,203866|204330|1628277|1629481|1630149,complete,playbyplay_inferred
Shot Chart Detail,1022200062,537,1628931,Gabby Williams,1611661328,Seattle Storm,4,1,16,Missed Shot,Driving Floating Bank Jump Shot,2PT Field Goal,Mid-Range,Left Side(L),8-16 ft.,9,-89,40,1,0,20220603,SEA,DAL,2022,1022200062537,23240,validated,,0,matched,playbyplayv2,1611661321,203855|204319|204334|1628931|1630461,complete,playbyplay_inferred,1630112|1630386|1630454|1631007|1631029,complete,playbyplay_inferred
Shot Chart Detail,1022200068,24,1628931,Gabby Williams,1611661328,Seattle Storm,1,7,47,Missed Shot,Jump Shot,3PT Field Goal,Above the Break 3,Right Side(R),24+ ft.,24,237,50,1,0,20220605,SEA,CON,2022,102220006824,1330,validated,,0,matched,playbyplayv2,1611661323,100720|204319|1627668|1628931|1629496,complete,playbyplay_inferred,201886|203826|1627673|1627675|1629567,complete,playbyplay_inferred
Shot Chart Detail,1022200068,72,1628931,Gabby Williams,1611661328,Seattle Storm,1,2,48,Missed Shot,Driving Layup Shot,2PT Field Goal,In The Paint (Non-RA),Center(C),Less Than 8 ft.,6,17,58,1,0,20220605,SEA,CON,2022,102220006872,4320,validated,,0,matched,playbyplayv2,1611661323,100720|204319|1627668|1628920|1628931,complete,playbyplay_inferred,203826|1627675|1628280|1629567|1630096,complete,playbyplay_inferred
Shot Chart Detail,1022200068,235,1628931,Gabby Williams,1611661328,Seattle Storm,2,0,46,Made Shot,Reverse Layup Shot,2PT Field Goal,Restricted Area,Center(C),Less Than 8 ft.,1,16,6,1,1,20220605,SEA,CON,2022,1022200068235,11540,validated,100720,1,matched,playbyplayv2,1611661323,100720|204319|1627668|1628931|1629496,complete,playbyplay_inferred,201886|203826|1627673|1627675|1628280,complete,playbyplay_inferred
Shot Chart Detail,1022200068,245,1628931,Gabby Williams,1611661328,Seattle Storm,2,0,6,Missed Shot,Jump Shot,3PT Field Goal,Above the Break 3,Left Side Center(LC),24+ ft.,24,-164,181,1,0,20220605,SEA,CON,2022,1022200068245,11940,validated,,0,matched,playbyplayv2,1611661323,100720|204319|1627668|1628931|1629496,complete,playbyplay_inferred,201886|203826|1627673|1627675|1628280,complete,playbyplay_inferred
Shot Chart Detail,1022200068,466,1628931,Gabby Williams,1611661328,Seattle Storm,4,4,47,Made Shot,Cutting Layup Shot,2PT Field Goal,In The Paint (Non-RA),Center(C),Less Than 8 ft.,4,-33,23,1,1,20220605,SEA,CON,2022,1022200068466,21130,validated,204319,1,matched,playbyplayv2,1611661323,100720|204319|1627668|1628931|1629496,complete,playbyplay_inferred,201886|203826|1627673|1627675|1628280,complete,playbyplay_inferred
Shot Chart Detail,1022200070,40,1628931,Gabby Williams,1611661328,Seattle Storm,1,7,9,Missed Shot,Running Jump Shot,3PT Field Goal,Left Corner 3,Left Side(L),24+ ft.,23,-232,12,1,0,20220607,SEA,ATL,2022,102220007040,1710,validated,,0,matched,playbyplayv2,1611661330,100720|204319|1627668|1628931|1629496,complete,playbyplay_inferred,204323|204365|1628269|1628929|1631009,complete,playbyplay_inferred
Shot Chart Detail,1022200070,78,1628931,Gabby Williams,1611661328,Seattle Storm,1,5,1,Made Shot,Turnaround Jump Shot,2PT Field Goal,In The Paint (Non-RA),Center(C),Less Than 8 ft.,7,71,-4,1,1,20220607,SEA,ATL,2022,102220007078,2990,validated,,0,matched,playbyplayv2,1611661330,100720|204319|1627668|1628931|1629496,complete,playbyplay_inferred,204323|1628269|1628881|1630462|1631009,complete,playbyplay_inferred
Shot Chart Detail,1022200070,203,1628931,Gabby Williams,1611661328,Seattle Storm,2,5,10,Missed Shot,Driving Layup Shot,2PT Field Goal,Restricted Area,Center(C),Less Than 8 ft.,2,21,17,1,0,20220607,SEA,ATL,2022,1022200070203,8900,validated,,0,matched,playbyplayv2,1611661330,100720|202259|1627668|1628931|1629496,complete,playbyplay_inferred,201913|204323|1628269|1630462|1631009,complete,playbyplay_inferred
Shot Chart Detail,1022200070,339,1628931,Gabby Williams,1611661328,Seattle Storm,3,7,3,Missed Shot,Pullup Jump shot,2PT Field Goal,Mid-Range,Center(C),8-16 ft.,15,-49,149,1,0,20220607,SEA,ATL,2022,1022200070339,13770,validated,,0,matched,playbyplayv2,1611661330,100720|204319|1627668|1628931|1629496,complete,playbyplay_inferred,204323|1628269|1628929|1630462|1631009,complete,playbyplay_inferred
Shot Chart Detail,1022200070,370,1628931,Gabby Williams,1611661328,Seattle Storm,3,4,53,Missed Shot,Jump Shot,3PT Field Goal,Above the Break 3,Left Side Center(LC),24+ ft.,24,-224,88,1,0,20220607,SEA,ATL,2022,1022200070370,15070,validated,,0,matched,playbyplayv2,1611661330,100720|202259|1627668|1628931|1629496,complete,playbyplay_inferred,204323|1628881|1628929|1630136|1631009,complete,playbyplay_inferred
Shot Chart Detail,1022200070,561,1628931,Gabby Williams,1611661328,Seattle Storm,4,1,27,Made Shot,Cutting Layup Shot,2PT Field Goal,Restricted Area,Center(C),Less Than 8 ft.,2,21,12,1,1,20220607,SEA,ATL,2022,1022200070561,23130,validated,100720,1,matched,playbyplayv2,1611661330,100720|204319|1627668|1628931|1629496,complete,playbyplay_inferred,204323|1628269|1630462|1631009|1631044,complete,playbyplay_inferred
Shot Chart Detail,1022200075,17,1628931,Gabby Williams,1611661328,Seattle Storm,1,8,38,Made Shot,Tip Layup Shot,2PT Field Goal,Restricted Area,Center(C),Less Than 8 ft.,0,0,-6,1,1,20220610,DAL,SEA,2022,102220007517,820,validated,,0,matched,playbyplayv2,1611661321,100720|204319|1627668|1628931|1629496,complete,playbyplay_inferred,203866|1628277|1629481|1630112|1630149,complete,playbyplay_inferred
Shot Chart Detail,1022200075,93,1628931,Gabby Williams,1611661328,Seattle Storm,1,2,36,Missed Shot,Jump Shot,3PT Field Goal,Above the Break 3,Right Side Center(RC),16-24 ft.,23,165,166,1,0,20220610,DAL,SEA,2022,102220007593,4440,validated,,0,matched,playbyplayv2,1611661321,100720|202259|1627668|1628931|1629496,complete,playbyplay_inferred,204330|1628277|1630386|1631007|1631029,complete,playbyplay_inferred
Shot Chart Detail,1022200075,284,1628931,Gabby Williams,1611661328,Seattle Storm,3,9,8,Made Shot,Layup Shot,2PT Field Goal,Restricted Area,Center(C),Less Than 8 ft.,2,10,19,1,1,20220610,DAL,SEA,2022,1022200075284,12520,validated,,0,matched,playbyplayv2,1611661321,100720|204319|1627668|1628931|1629496,complete,playbyplay_inferred,203866|1628277|1629481|1630112|1630149,complete,playbyplay_inferred
Shot Chart Detail,1022200075,350,1628931,Gabby Williams,1611661328,Seattle Storm,3,3,33,Made Shot,Jump Shot,2PT Field Goal,Mid-Range,Left Side(L),8-16 ft.,11,-116,28,1,1,20220610,DAL,SEA,2022,1022200075350,15870,validated,1627668,1,matched,playbyplayv2,1611661321,100720|204319|1627668|1628931|1629496,complete,playbyplay_inferred,204330|1628277|1630386|1631007|1631029,complete,playbyplay_inferred
Shot Chart Detail,1022200075,393,1628931,Gabby Williams,1611661328,Seattle Storm,3,0,28,Missed Shot,Jump Shot,2PT Field Goal,Mid-Range,Right Side Center(RC),16-24 ft.,21,145,156,1,0,20220610,DAL,SEA,2022,1022200075393,17720,validated,,0,matched,playbyplayv2,1611661321,201896|202259|1627668|1628920|1628931,complete,playbyplay_inferred,204330|1629481|1630149|1630386|1631007,complete,playbyplay_inferred
Shot Chart Detail,1022200075,472,1628931,Gabby Williams,1611661328,Seattle Storm,4,6,0,Missed Shot,Jump Shot,2PT Field Goal,Mid-Range,Right Side Center(RC),16-24 ft.,18,143,116,1,0,20220610,DAL,SEA,2022,1022200075472,20400,validated,,0,matched,playbyplayv2,1611661321,100720|204319|1627668|1628931|1629496,complete,playbyplay_inferred,204330|1628277|1629481|1630112|1630386,complete,playbyplay_inferred
Shot Chart Detail,1022200080,19,1628931,Gabby Williams,1611661328,Seattle Storm,1,8,19,Missed Shot,Jump Shot,3PT Field Goal,Left Corner 3,Left Side(L),24+ ft.,23,-238,-5,1,0,20220612,DAL,SEA,2022,102220008019,1010,validated,,0,matched,playbyplayv2,1611661321,100720|204319|1627668|1628931|1629496,complete,playbyplay_inferred,203866|1628277|1629481|1630112|1630149,complete,playbyplay_inferred
Shot Chart Detail,1022200080,96,1628931,Gabby Williams,1611661328,Seattle Storm,1,1,41,Made Shot,Driving Layup Shot,2PT Field Goal,Restricted Area,Center(C),Less Than 8 ft.,2,9,22,1,1,20220612,DAL,SEA,2022,102220008096,4990,validated,201896,1,matched,playbyplayv2,1611661321,201896|202259|1627668|1628920|1628931,complete,playbyplay_inferred,204330|1629481|1630112|1630386|1631007,complete,playbyplay_inferred
Shot Chart Detail,1022200080,266,1628931,Gabby Williams,1611661328,Seattle Storm,3,9,45,Missed Shot,Cutting Layup Shot,2PT Field Goal,Restricted Area,Center(C),Less Than 8 ft.,3,22,24,1,0,20220612,DAL,SEA,2022,1022200080266,12150,validated,,0,matched,playbyplayv2,1611661321,100720|204319|1627668|1628931|1629496,complete,playbyplay_inferred,203866|1628277|1629479|1630112|1630149,complete,playbyplay_inferred
Shot Chart Detail,1022200080,304,1628931,Gabby Williams,1611661328,Seattle Storm,3,6,20,Made Shot,Putback Layup Shot,2PT Field Goal,Restricted Area,Center(C),Less Than 8 ft.,0,0,-6,1,1,20220612,DAL,SEA,2022,1022200080304,14200,validated,,0,matched,playbyplayv2,1611661321,100720|204319|1627668|1628931|1629496,complete,playbyplay_inferred,203866|204330|1628277|1630112|1630149,complete,playbyplay_inferred
Shot Chart Detail,1022200080,322,1628931,Gabby Williams,1611661328,Seattle Storm,3,4,27,Missed Shot,Jump Shot,3PT Field Goal,Above the Break 3,Right Side(R),24+ ft.,24,230,86,1,0,20220612,DAL,SEA,2022,1022200080322,15330,validated,,0,matched,playbyplayv2,1611661321,100720|204319|1627668|1628931|1629496,complete,playbyplay_inferred,203866|1628277|1630112|1630149|1630386,complete,playbyplay_inferred
Shot Chart Detail,1022200080,488,1628931,Gabby Williams,1611661328,Seattle Storm,4,4,18,Missed Shot,Turnaround Fadeaway shot,2PT Field Goal,In The Paint (Non-RA),Center(C),8-16 ft.,12,5,127,1,0,20220612,DAL,SEA,2022,1022200080488,21420,validated,,0,matched,playbyplayv2,1611661321,100720|204319|1627668|1628931|1629496,complete,playbyplay_inferred,203866|204330|1628277|1630386|1631007,complete,playbyplay_inferred
Shot Chart Detail,1022200080,515,1628931,Gabby Williams,1611661328,Seattle Storm,4,1,15,Missed Shot,Driving Layup Shot,2PT Field Goal,In The Paint (Non-RA),Center(C),Less Than 8 ft.,4,-30,36,1,0,20220612,DAL,SEA,2022,1022200080515,23250,validated,,0,matched,playbyplayv2,1611661321,100720|204319|1627668|1628931|1629496,complete,playbyplay_inferred,203866|204330|1628277|1630112|1630386,complete,playbyplay_inferred
Shot Chart Detail,1022200084,83,1628931,Gabby Williams,1611661328,Seattle Storm,1,3,41,Missed Shot,Jump Shot,3PT Field Goal,Left Corner 3,Left Side(L),24+ ft.,23,-233,-1,1,0,20220614,MIN,SEA,2022,102220008483,3790,validated,,0,matched,playbyplayv2,1611661324,201896|202650|204319|1627668|1628931,complete,playbyplay_inferred,203024|203825|1627671|1629524|1631263,complete,playbyplay_inferred
Shot Chart Detail,1022200084,89,1628931,Gabby Williams,1611661328,Seattle Storm,1,3,23,Missed Shot,Putback Layup Shot,2PT Field Goal,Restricted Area,Center(C),Less Than 8 ft.,3,35,6,1,0,20220614,MIN,SEA,2022,102220008489,3970,validated,,0,matched,playbyplayv2,1611661324,201896|202650|204319|1627668|1628931,complete,playbyplay_inferred,203024|203825|1627671|1629524|1631263,complete,playbyplay_inferred
Shot Chart Detail,1022200084,184,1628931,Gabby Williams,1611661328,Seattle Storm,2,6,55,Missed Shot,Pullup Jump shot,2PT Field Goal,Mid-Range,Left Side Center(LC),16-24 ft.,22,-77,211,1,0,20220614,MIN,SEA,2022,1022200084184,7850,validated,,0,matched,playbyplayv2,1611661324,202259|204319|1627668|1628931|1629496,complete,playbyplay_inferred,203024|203825|1627669|1627672|1631263,complete,playbyplay_inferred
Shot Chart Detail,1022200084,195,1628931,Gabby Williams,1611661328,Seattle Storm,2,6,8,Made Shot,Putback Layup Shot,2PT Field Goal,Restricted Area,Center(C),Less Than 8 ft.,1,17,5,1,1,20220614,MIN,SEA,2022,1022200084195,8320,validated,,0,matched,playbyplayv2,1611661324,202259|204319|1627668|1628931|1629496,complete,playbyplay_inferred,203024|203825|1627669|1627672|1631263,complete,playbyplay_inferred
Shot Chart Detail,1022200084,259,1628931,Gabby Williams,1611661328,Seattle Storm,2,1,7,Missed Shot,Jump Shot,3PT Field Goal,Above the Break 3,Left Side Center(LC),16-24 ft.,23,-128,194,1,0,20220614,MIN,SEA,2022,1022200084259,11330,validated,,0,matched,playbyplayv2,1611661324,201896|204319|1627668|1628931|1629496,complete,playbyplay_inferred,203825|1627669|1627672|1629491|1631263,complete,playbyplay_inferred
Shot Chart Detail,1022200084,421,1628931,Gabby Williams,1611661328,Seattle Storm,4,9,28,Missed Shot,Turnaround Fadeaway Bank Jump Shot,2PT Field Goal,In The Paint (Non-RA),Left Side(L),8-16 ft.,9,-54,72,1,0,20220614,MIN,SEA,2022,1022200084421,18320,validated,,0,matched,playbyplayv2,1611661324,202259|202650|203855|204319|1628931,complete,playbyplay_inferred,203825|1627669|1627672|1629491|1629524,complete,playbyplay_inferred
Shot Chart Detail,1022200084,453,1628931,Gabby Williams,1611661328,Seattle Storm,4,6,46,Missed Shot,Driving Floating Jump Shot,2PT Field Goal,In The Paint (Non-RA),Center(C),8-16 ft.,8,-31,77,1,0,20220614,MIN,SEA,2022,1022200084453,19940,validated,,0,matched,playbyplayv2,1611661324,201896|202259|1627668|1628931|1629496,complete,playbyplay_inferred,203825|1627671|1629491|1629524|1631263,complete,playbyplay_inferred
Shot Chart Detail,1022200089,23,1628931,Gabby Williams,1611661328,Seattle Storm,1,7,53,Made Shot,Pullup Jump shot,2PT Field Goal,In The Paint (Non-RA),Center(C),8-16 ft.,12,-46,115,1,1,20220617,CON,SEA,2022,102220008923,1270,validated,1627668,1,matched,playbyplayv2,1611661323,100720|204319|1627668|1628931|1629496,complete,playbyplay_inferred,201886|203826|1627673|1627675|1629567,complete,playbyplay_inferred
Shot Chart Detail,1022200089,39,1628931,Gabby Williams,1611661328,Seattle Storm,1,6,8,Made Shot,Putback Layup Shot,2PT Field Goal,Restricted Area,Center(C),Less Than 8 ft.,0,0,-6,1,1,20220617,CON,SEA,2022,102220008939,2320,validated,,0,matched,playbyplayv2,1611661323,100720|204319|1627668|1628931|1629496,complete,playbyplay_inferred,201886|203826|1627673|1627675|1629567,complete,playbyplay_inferred
Shot Chart Detail,1022200089,83,1628931,Gabby Williams,1611661328,Seattle Storm,1,2,43,Missed Shot,Driving Layup Shot,2PT Field Goal,Restricted Area,Center(C),Less Than 8 ft.,2,18,22,1,0,20220617,CON,SEA,2022,102220008983,4370,validated,,0,matched,playbyplayv2,1611661323,201896|204319|1627668|1628931|1629496,complete,playbyplay_inferred,201886|203826|1627673|1627675|1628280,complete,playbyplay_inferred
Shot Chart Detail,1022200089,193,1628931,Gabby Williams,1611661328,Seattle Storm,2,4,24,Missed Shot,Jump Shot,3PT Field Goal,Above the Break 3,Left Side Center(LC),24+ ft.,24,-190,156,1,0,20220617,CON,SEA,2022,1022200089193,9360,validated,,0,matched,playbyplayv2,1611661323,100720|204319|1627668|1628931|1629496,complete,playbyplay_inferred,201886|203826|1628280|1630096|1630115,complete,playbyplay_inferred
Shot Chart Detail,1022200089,231,1628931,Gabby Williams,1611661328,Seattle Storm,2,1,4,Missed Shot,Jump Shot,3PT Field Goal,Above the Break 3,Right Side(R),24+ ft.,23,225,55,1,0,20220617,CON,SEA,2022,1022200089231,11360,validated,,0,matched,playbyplayv2,1611661323,100720|204319|1627668|1628931|1629496,complete,playbyplay_inferred,201886|203826|1627675|1628280|1629567,complete,playbyplay_inferred
Shot Chart Detail,1022200089,490,1628931,Gabby Williams,1611661328,Seattle Storm,4,1,14,Missed Shot,Pullup Jump shot,2PT Field Goal,In The Paint (Non-RA),Center(C),8-16 ft.,11,-8,117,1,0,20220617,CON,SEA,2022,1022200089490,23260,validated,,0,matched,playbyplayv2,1611661323,100720|204319|1627668|1628931|1629496,complete,playbyplay_inferred,201886|203826|1627673|1627675|1628280,complete,playbyplay_inferred
Shot Chart Detail,1022200089,494,1628931,Gabby Williams,1611661328,Seattle Storm,4,0,42,Missed Shot,Jump Shot,3PT Field Goal,Above the Break 3,Right Side(R),16-24 ft.,23,210,96,1,0,20220617,CON,SEA,2022,1022200089494,23580,validated,,0,matched,playbyplayv2,1611661323,100720|204319|1627668|1628931|1629496,complete,playbyplay_inferred,201886|203826|1627673|1627675|1628280,complete,playbyplay_inferred
Shot Chart Detail,1022200092,33,1628931,Gabby Williams,1611661328,Seattle Storm,1,7,4,Made Shot,Running Pull-Up Jump Shot,2PT Field Goal,Mid-Range,Center(C),16-24 ft.,19,47,185,1,1,20220619,NYL,SEA,2022,102220009233,1760,validated,,0,matched,playbyplayv2,1611661313,100720|204319|1627668|1628931|1629496,complete,playbyplay_inferred,203827|203828|1629477|1629546|1630101,complete,playbyplay_inferred
Shot Chart Detail,1022200092,52,1628931,Gabby Williams,1611661328,Seattle Storm,1,5,52,Made Shot,Driving Layup Shot,2PT Field Goal,Restricted Area,Center(C),Less Than 8 ft.,1,17,9,1,1,20220619,NYL,SEA,2022,102220009252,2480,validated,1629496,1,matched,playbyplayv2,1611661313,100720|204319|1627668|1628931|1629496,complete,playbyplay_inferred,203827|203828|1628244|1629477|1629546,complete,playbyplay_inferred
Shot Chart Detail,1022200092,66,1628931,Gabby Williams,1611661328,Seattle Storm,1,4,50,Made Shot,Pullup Jump shot,3PT Field Goal,Above the Break 3,Center(C),24+ ft.,23,52,234,1,1,20220619,NYL,SEA,2022,102220009266,3100,validated,,0,matched,playbyplayv2,1611661313,100720|204319|1627668|1628931|1629496,complete,playbyplay_inferred,203827|203828|1628244|1629477|1629546,complete,playbyplay_inferred
Shot Chart Detail,1022200092,89,1628931,Gabby Williams,1611661328,Seattle Storm,1,2,54,Made Shot,Running Layup Shot,2PT Field Goal,Restricted Area,Center(C),Less Than 8 ft.,1,18,4,1,1,20220619,NYL,SEA,2022,102220009289,4260,validated,,0,matched,playbyplayv2,1611661313,100720|204319|1627668|1628931|1629496,complete,playbyplay_inferred,203827|1628244|1629546|1629566|1630459,complete,playbyplay_inferred
Shot Chart Detail,1022200092,172,1628931,Gabby Williams,1611661328,Seattle Storm,2,7,19,Missed Shot,Cutting Layup Shot,2PT Field Goal,Restricted Area,Center(C),Less Than 8 ft.,1,16,4,1,0,20220619,NYL,SEA,2022,1022200092172,7610,validated,,0,matched,playbyplayv2,1611661313,201896|202650|203855|1627668|1628931,complete,playbyplay_inferred,203827|1629477|1629546|1629566|1630459,complete,playbyplay_inferred
Shot Chart Detail,1022200092,202,1628931,Gabby Williams,1611661328,Seattle Storm,2,5,14,Missed Shot,Reverse Layup Shot,2PT Field Goal,Restricted Area,Center(C),Less Than 8 ft.,2,23,1,1,0,20220619,NYL,SEA,2022,1022200092202,8860,validated,,0,matched,playbyplayv2,1611661313,100720|203855|1627668|1628931|1629496,complete,playbyplay_inferred,203827|1629477|1629546|1629566|1630459,complete,playbyplay_inferred
Shot Chart Detail,1022200092,252,1628931,Gabby Williams,1611661328,Seattle Storm,2,2,2,Made Shot,Cutting Layup Shot,2PT Field Goal,Restricted Area,Center(C),Less Than 8 ft.,2,24,9,1,1,20220619,NYL,SEA,2022,1022200092252,10780,validated,100720,1,matched,playbyplayv2,1611661313,100720|204319|1627668|1628931|1629496,complete,playbyplay_inferred,1628244|1629477|1629546|1629566|1631032,complete,playbyplay_inferred
Shot Chart Detail,1022200092,270,1628931,Gabby Williams,1611661328,Seattle Storm,2,0,41,Made Shot,Cutting Layup Shot,2PT Field Goal,Restricted Area,Center(C),Less Than 8 ft.,1,18,1,1,1,20220619,NYL,SEA,2022,1022200092270,11590,validated,100720,1,matched,playbyplayv2,1611661313,100720|204319|1627668|1628931|1629496,complete,playbyplay_inferred,203827|203828|1628244|1629477|1629546,complete,playbyplay_inferred
Shot Chart Detail,1022200092,305,1628931,Gabby Williams,1611661328,Seattle Storm,3,9,17,Missed Shot,Turnaround Jump Shot,2PT Field Goal,Mid-Range,Right Side(R),8-16 ft.,13,120,68,1,0,20220619,NYL,SEA,2022,1022200092305,12430,validated,,0,matched,playbyplayv2,1611661313,100720|204319|1627668|1628931|1629496,complete,playbyplay_inferred,203827|203828|1629477|1629546|1630101,complete,playbyplay_inferred
Shot Chart Detail,1022200092,333,1628931,Gabby Williams,1611661328,Seattle Storm,3,5,44,Made Shot,Tip Layup Shot,2PT Field Goal,Restricted Area,Center(C),Less Than 8 ft.,0,0,-6,1,1,20220619,NYL,SEA,2022,1022200092333,14560,validated,,0,matched,playbyplayv2,1611661313,100720|204319|1627668|1628931|1629496,complete,playbyplay_inferred,203827|203828|1629477|1629546|1630101,complete,playbyplay_inferred
Shot Chart Detail,1022200092,399,1628931,Gabby Williams,1611661328,Seattle Storm,3,1,18,Made Shot,Driving Reverse Layup Shot,2PT Field Goal,Restricted Area,Center(C),Less Than 8 ft.,1,7,12,1,1,20220619,NYL,SEA,2022,1022200092399,17220,validated,,0,matched,playbyplayv2,1611661313,201896|202650|204319|1628931|1629496,complete,playbyplay_inferred,1628244|1629546|1629566|1630459|1631032,complete,playbyplay_inferred
Shot Chart Detail,1022200092,408,1628931,Gabby Williams,1611661328,Seattle Storm,3,0,49,Missed Shot,Pullup Jump shot,2PT Field Goal,Mid-Range,Right Side Center(RC),16-24 ft.,17,77,162,1,0,20220619,NYL,SEA,2022,1022200092408,17510,validated,,0,matched,playbyplayv2,1611661313,201896|202650|204319|1628931|1629496,complete,playbyplay_inferred,1628244|1629477|1629566|1630446|1631032,complete,playbyplay_inferred
Shot Chart Detail,1022200092,515,1628931,Gabby Williams,1611661328,Seattle Storm,4,2,55,Missed Shot,Jump Shot,3PT Field Goal,Above the Break 3,Right Side(R),24+ ft.,23,229,68,1,0,20220619,NYL,SEA,2022,1022200092515,22250,validated,,0,matched,playbyplayv2,1611661313,100720|204319|1627668|1628931|1629496,complete,playbyplay_inferred,203827|1629477|1629546|1629566|1630459,complete,playbyplay_inferred
Shot Chart Detail,1022200092,519,1628931,Gabby Williams,1611661328,Seattle Storm,4,2,14,Made Shot,Driving Finger Roll Layup Shot,2PT Field Goal,Restricted Area,Center(C),Less Than 8 ft.,1,-1,16,1,1,20220619,NYL,SEA,2022,1022200092519,22660,validated,1627668,1,matched,playbyplayv2,1611661313,100720|204319|1627668|1628931|1629496,complete,playbyplay_inferred,203827|1629477|1629546|1629566|1630459,complete,playbyplay_inferred
Shot Chart Detail,1022200092,537,1628931,Gabby Williams,1611661328,Seattle Storm,4,0,53,Made Shot,Pullup Jump shot,3PT Field Goal,Above the Break 3,Right Side(R),16-24 ft.,23,210,98,1,1,20220619,NYL,SEA,2022,1022200092537,23470,validated,,0,matched,playbyplayv2,1611661313,100720|204319|1627668|1628931|1629496,complete,playbyplay_inferred,203827|203828|1628244|1629477|1629546,complete,playbyplay_inferred
Shot Chart Detail,1022200104,20,1628931,Gabby Williams,1611661328,Seattle Storm,1,8,12,Missed Shot,Pullup Jump shot,2PT Field Goal,Mid-Range,Left Side(L),16-24 ft.,18,-175,43,1,0,20220623,SEA,WAS,2022,102220010420,1080,validated,,0,matched,playbyplayv2,1611661322,100720|204319|1627668|1628931|1629496,complete,playbyplay_inferred,202252|203399|204333|1628878|1631022,complete,playbyplay_inferred
Shot Chart Detail,1022200104,47,1628931,Gabby Williams,1611661328,Seattle Storm,1,5,38,Missed Shot,Driving Reverse Layup Shot,2PT Field Goal,Restricted Area,Center(C),Less Than 8 ft.,1,15,12,1,0,20220623,SEA,WAS,2022,102220010447,2620,validated,,0,matched,playbyplayv2,1611661322,100720|204319|1627668|1628931|1629496,complete,playbyplay_inferred,202252|203399|204333|1628878|1631022,complete,playbyplay_inferred
Shot Chart Detail,1022200104,290,1628931,Gabby Williams,1611661328,Seattle Storm,3,7,43,Made Shot,Jump Shot,3PT Field Goal,Above the Break 3,Left Side Center(LC),24+ ft.,26,-157,208,1,1,20220623,SEA,WAS,2022,1022200104290,13370,validated,1627668,1,matched,playbyplayv2,1611661322,100720|204319|1627668|1628931|1629496,complete,playbyplay_inferred,202252|203399|204333|1628878|1631022,complete,playbyplay_inferred
Shot Chart Detail,1022200104,485,1628931,Gabby Williams,1611661328,Seattle Storm,4,1,8,Missed Shot,Driving Layup Shot,2PT Field Goal,In The Paint (Non-RA),Center(C),Less Than 8 ft.,6,61,29,1,0,20220623,SEA,WAS,2022,1022200104485,23320,validated,,0,matched,playbyplayv2,1611661322,100720|204319|1627668|1628931|1629496,complete,playbyplay_inferred,202252|203399|204333|1628878|1628899,complete,playbyplay_inferred
Shot Chart Detail,1022200108,25,1628931,Gabby Williams,1611661328,Seattle Storm,1,8,12,Missed Shot,Running Jump Shot,3PT Field Goal,Above the Break 3,Left Side(L),16-24 ft.,23,-196,131,1,0,20220625,SEA,LAS,2022,102220010825,1080,validated,,0,matched,playbyplayv2,1611661320,100720|204319|1627668|1628931|1629496,complete,playbyplay_inferred,201911|202633|203014|1628279|1629478,complete,playbyplay_inferred
Shot Chart Detail,1022200108,71,1628931,Gabby Williams,1611661328,Seattle Storm,1,4,19,Missed Shot,Jump Shot,3PT Field Goal,Above the Break 3,Right Side Center(RC),24+ ft.,24,210,120,1,0,20220625,SEA,LAS,2022,102220010871,3410,validated,,0,matched,playbyplayv2,1611661320,100720|204319|1627668|1628931|1629496,complete,playbyplay_inferred,201911|203014|203823|1628882|1629478,complete,playbyplay_inferred
Shot Chart Detail,1022200108,198,1628931,Gabby Williams,1611661328,Seattle Storm,2,5,32,Missed Shot,Driving Layup Shot,2PT Field Goal,Restricted Area,Center(C),Less Than 8 ft.,3,-32,22,1,0,20220625,SEA,LAS,2022,1022200108198,8680,validated,,0,matched,playbyplayv2,1611661320,100720|204319|1627668|1628931|1629496,complete,playbyplay_inferred,202633|203014|1628279|1628882|1629478,complete,playbyplay_inferred
Shot Chart Detail,1022200108,323,1628931,Gabby Williams,1611661328,Seattle Storm,3,9,43,Made Shot,Running Jump Shot,2PT Field Goal,In The Paint (Non-RA),Center(C),Less Than 8 ft.,6,35,58,1,1,20220625,SEA,LAS,2022,1022200108323,12170,validated,,0,matched,playbyplayv2,1611661320,100720|204319|1627668|1628931|1629496,complete,playbyplay_inferred,201911|202633|203014|1628279|1629478,complete,playbyplay_inferred
Shot Chart Detail,1022200108,344,1628931,Gabby Williams,1611661328,Seattle Storm,3,7,42,Missed Shot,Fadeaway Jump Shot,2PT Field Goal,Mid-Range,Right Side(R),8-16 ft.,14,138,28,1,0,20220625,SEA,LAS,2022,1022200108344,13380,validated,,0,matched,playbyplayv2,1611661320,100720|204319|1627668|1628931|1629496,complete,playbyplay_inferred,201911|202633|203014|1628279|1629478,complete,playbyplay_inferred
Shot Chart Detail,1022200108,372,1628931,Gabby Williams,1611661328,Seattle Storm,3,5,0,Made Shot,Driving Floating Bank Jump Shot,2PT Field Goal,Restricted Area,Center(C),Less Than 8 ft.,2,-1,24,1,1,20220625,SEA,LAS,2022,1022200108372,15000,validated,,0,matched,playbyplayv2,1611661320,100720|204319|1627668|1628931|1629496,complete,playbyplay_inferred,201911|203014|1628882|1629478|1631135,complete,playbyplay_inferred
Shot Chart Detail,1022200108,386,1628931,Gabby Williams,1611661328,Seattle Storm,3,3,29,Made Shot,Cutting Layup Shot,2PT Field Goal,Restricted Area,Center(C),Less Than 8 ft.,1,-18,8,1,1,20220625,SEA,LAS,2022,1022200108386,15910,validated,1629496,1,matched,playbyplayv2,1611661320,100720|204319|1627668|1628931|1629496,complete,playbyplay_inferred,201911|203014|1628882|1629478|1631135,complete,playbyplay_inferred
Shot Chart Detail,1022200108,511,1628931,Gabby Williams,1611661328,Seattle Storm,4,5,31,Missed Shot,Jump Shot,3PT Field Goal,Left Corner 3,Left Side(L),24+ ft.,23,-232,18,1,0,20220625,SEA,LAS,2022,1022200108511,20690,validated,,0,matched,playbyplayv2,1611661320,100720|204319|1627668|1628931|1629496,complete,playbyplay_inferred,201911|203014|1628279|1629478|1631135,complete,playbyplay_inferred
Shot Chart Detail,1022200118,42,1628931,Gabby Williams,1611661328,Seattle Storm,1,7,25,Made Shot,Driving Layup Shot,2PT Field Goal,Restricted Area,Center(C),Less Than 8 ft.,3,-26,18,1,1,20220629,SEA,LVA,2022,102220011842,1550,validated,,0,matched,playbyplayv2,1611661319,100720|202250|204319|1627668|1628931,complete,playbyplay_inferred,203833|204324|1628276|1628932|1629498,complete,playbyplay_inferred
Shot Chart Detail,1022200118,86,1628931,Gabby Williams,1611661328,Seattle Storm,1,3,41,Missed Shot,Layup Shot,2PT Field Goal,Restricted Area,Center(C),Less Than 8 ft.,1,19,2,1,0,20220629,SEA,LVA,2022,102220011886,3790,validated,,0,matched,playbyplayv2,1611661319,100720|202250|202259|1627668|1628931,complete,playbyplay_inferred,203849|1628276|1628932|1629498|1630387,complete,playbyplay_inferred
Shot Chart Detail,1022200118,300,1628931,Gabby Williams,1611661328,Seattle Storm,3,8,48,Made Shot,Jump Shot,2PT Field Goal,Mid-Range,Left Side(L),16-24 ft.,17,-179,15,1,1,20220629,SEA,LVA,2022,1022200118300,12720,validated,100720,1,matched,playbyplayv2,1611661319,100720|204319|1627668|1628931|1629496,complete,playbyplay_inferred,203833|204324|1628276|1628932|1629498,complete,playbyplay_inferred
Shot Chart Detail,1022200118,314,1628931,Gabby Williams,1611661328,Seattle Storm,3,7,33,Made Shot,Driving Layup Shot,2PT Field Goal,Restricted Area,Center(C),Less Than 8 ft.,1,12,15,1,1,20220629,SEA,LVA,2022,1022200118314,13470,validated,,0,matched,playbyplayv2,1611661319,100720|204319|1627668|1628931|1629496,complete,playbyplay_inferred,203833|204324|1628276|1628932|1629498,complete,playbyplay_inferred
Shot Chart Detail,1022200122,72,1628931,Gabby Williams,1611661328,Seattle Storm,1,3,59,Made Shot,Running Layup Shot,2PT Field Goal,Restricted Area,Center(C),Less Than 8 ft.,2,22,10,1,1,20220701,SEA,IND,2022,102220012272,3610,validated,100720,1,matched,playbyplayv2,1611661325,100720|202250|204319|1627668|1628931,complete,playbyplay_inferred,202658|1628909|1631019|1631031|1631086,complete,playbyplay_inferred
Shot Chart Detail,1022200122,204,1628931,Gabby Williams,1611661328,Seattle Storm,2,5,54,Missed Shot,Jump Shot,3PT Field Goal,Left Corner 3,Left Side(L),24+ ft.,22,-228,4,1,0,20220701,SEA,IND,2022,1022200122204,8460,validated,,0,matched,playbyplayv2,1611661325,100720|202250|204319|1627668|1628931,complete,playbyplay_inferred,1627676|1628909|1631019|1631031|1631089,complete,playbyplay_inferred
Shot Chart Detail,1022200122,272,1628931,Gabby Williams,1611661328,Seattle Storm,2,0,36,Missed Shot,Cutting Layup Shot,2PT Field Goal,Restricted Area,Center(C),Less Than 8 ft.,2,-29,1,1,0,20220701,SEA,IND,2022,1022200122272,11640,validated,,0,matched,playbyplayv2,1611661325,100720|202250|204319|1627668|1628931,complete,playbyplay_inferred,1628909|1631019|1631031|1631086|1631089,complete,playbyplay_inferred
Shot Chart Detail,1022200122,330,1628931,Gabby Williams,1611661328,Seattle Storm,3,6,13,Made Shot,Driving Finger Roll Layup Shot,2PT Field Goal,Restricted Area,Center(C),Less Than 8 ft.,3,2,39,1,1,20220701,SEA,IND,2022,1022200122330,14270,validated,100720,1,matched,playbyplayv2,1611661325,100720|204319|1627668|1628931|1629496,complete,playbyplay_inferred,202658|1628909|1631019|1631031|1631086,complete,playbyplay_inferred
Shot Chart Detail,1022200122,379,1628931,Gabby Williams,1611661328,Seattle Storm,3,2,44,Made Shot,Cutting Layup Shot,2PT Field Goal,Restricted Area,Center(C),Less Than 8 ft.,1,-10,9,1,1,20220701,SEA,IND,2022,1022200122379,16360,validated,204319,1,matched,playbyplayv2,1611661325,100720|202250|204319|1628931|1629496,complete,playbyplay_inferred,1628909|1631031|1631083|1631086|1631089,complete,playbyplay_inferred
Shot Chart Detail,1022200122,383,1628931,Gabby Williams,1611661328,Seattle Storm,3,2,13,Made Shot,Driving Layup Shot,2PT Field Goal,Restricted Area,Center(C),Less Than 8 ft.,3,33,18,1,1,20220701,SEA,IND,2022,1022200122383,16670,validated,100720,1,matched,playbyplayv2,1611661325,100720|202250|204319|1628931|1629496,complete,playbyplay_inferred,1628909|1631031|1631083|1631086|1631089,complete,playbyplay_inferred
Shot Chart Detail,1022200122,415,1628931,Gabby Williams,1611661328,Seattle Storm,3,0,31,Missed Shot,Running Pull-Up Jump Shot,2PT Field Goal,Mid-Range,Right Side Center(RC),16-24 ft.,21,78,197,1,0,20220701,SEA,IND,2022,1022200122415,17690,validated,,0,matched,playbyplayv2,1611661325,201896|202250|202259|202650|1628931,complete,playbyplay_inferred,203829|1627676|1631031|1631083|1631089,complete,playbyplay_inferred
Shot Chart Detail,1022200125,297,1628931,Gabby Williams,1611661328,Seattle Storm,3,9,38,Missed Shot,Jump Shot,3PT Field Goal,Above the Break 3,Right Side Center(RC),24+ ft.,24,207,122,1,0,20220703,ATL,SEA,2022,1022200125297,12220,validated,,0,matched,playbyplayv2,1611661330,100720|204319|1627668|1628931|1629496,complete,playbyplay_inferred,203026|204323|204365|1628881|1631009,complete,playbyplay_inferred
Shot Chart Detail,1022200125,518,1628931,Gabby Williams,1611661328,Seattle Storm,4,4,27,Made Shot,Turnaround Jump Shot,2PT Field Goal,Mid-Range,Right Side(R),8-16 ft.,11,89,73,1,1,20220703,ATL,SEA,2022,1022200125518,21330,validated,202259,1,matched,playbyplayv2,1611661330,201896|202259|202650|203855|1628931,complete,playbyplay_inferred,203026|204323|204365|1628881|1631009,complete,playbyplay_inferred
Shot Chart Detail,1022200125,545,1628931,Gabby Williams,1611661328,Seattle Storm,4,3,3,Missed Shot,Fadeaway Jump Shot,2PT Field Goal,In The Paint (Non-RA),Center(C),8-16 ft.,15,72,136,1,0,20220703,ATL,SEA,2022,1022200125545,22170,validated,,0,matched,playbyplayv2,1611661330,201896|202259|202650|203855|1628931,complete,playbyplay_inferred,1628929|1629476|1629492|1630462|1631044,complete,playbyplay_inferred
Shot Chart Detail,1022200125,553,1628931,Gabby Williams,1611661328,Seattle Storm,4,2,29,Made Shot,Driving Floating Jump Shot,2PT Field Goal,In The Paint (Non-RA),Center(C),Less Than 8 ft.,6,57,31,1,1,20220703,ATL,SEA,2022,1022200125553,22510,validated,201896,1,matched,playbyplayv2,1611661330,201896|202259|202650|203855|1628931,complete,playbyplay_inferred,1628929|1629476|1629492|1630462|1631044,complete,playbyplay_inferred
Shot Chart Detail,1022200129,201,1628931,Gabby Williams,1611661328,Seattle Storm,2,4,46,Missed Shot,Jump Shot,3PT Field Goal,Above the Break 3,Right Side(R),24+ ft.,24,238,65,1,0,20220705,IND,SEA,2022,1022200129201,9140,validated,,0,matched,playbyplayv2,1611661325,100720|202250|204319|1627668|1628931,complete,playbyplay_inferred,1627676|1628909|1628927|1631019|1631089,complete,playbyplay_inferred
Shot Chart Detail,1022200129,227,1628931,Gabby Williams,1611661328,Seattle Storm,2,2,41,Made Shot,Driving Layup Shot,2PT Field Goal,Restricted Area,Center(C),Less Than 8 ft.,1,8,18,1,1,20220705,IND,SEA,2022,1022200129227,10390,validated,,0,matched,playbyplayv2,1611661325,100720|202250|204319|1627668|1628931,complete,playbyplay_inferred,202658|1628909|1628927|1631019|1631083,complete,playbyplay_inferred
Shot Chart Detail,1022200129,231,1628931,Gabby Williams,1611661328,Seattle Storm,2,2,28,Made Shot,Running Finger Roll Layup Shot,2PT Field Goal,Restricted Area,Center(C),Less Than 8 ft.,1,5,15,1,1,20220705,IND,SEA,2022,1022200129231,10520,validated,,0,matched,playbyplayv2,1611661325,100720|202250|204319|1627668|1628931,complete,playbyplay_inferred,202658|1628909|1628927|1631019|1631083,complete,playbyplay_inferred
Shot Chart Detail,1022200129,238,1628931,Gabby Williams,1611661328,Seattle Storm,2,1,44,Made Shot,Running Finger Roll Layup Shot,2PT Field Goal,Restricted Area,Center(C),Less Than 8 ft.,1,2,18,1,1,20220705,IND,SEA,2022,1022200129238,10960,validated,204319,1,matched,playbyplayv2,1611661325,100720|202250|204319|1627668|1628931,complete,playbyplay_inferred,202658|1628909|1628927|1631019|1631083,complete,playbyplay_inferred
Shot Chart Detail,1022200129,295,1628931,Gabby Williams,1611661328,Seattle Storm,3,8,20,Missed Shot,Jump Shot,3PT Field Goal,Left Corner 3,Left Side(L),24+ ft.,22,-227,-25,1,0,20220705,IND,SEA,2022,1022200129295,13000,validated,,0,matched,playbyplayv2,1611661325,100720|204319|1627668|1628931|1629496,complete,playbyplay_inferred,202658|1628909|1628927|1631019|1631083,complete,playbyplay_inferred
Shot Chart Detail,1022200129,347,1628931,Gabby Williams,1611661328,Seattle Storm,3,4,54,Made Shot,Turnaround Fadeaway shot,2PT Field Goal,In The Paint (Non-RA),Right Side(R),8-16 ft.,11,62,96,1,1,20220705,IND,SEA,2022,1022200129347,15060,validated,,0,matched,playbyplayv2,1611661325,100720|202250|204319|1627668|1628931,complete,playbyplay_inferred,202658|203829|1628242|1628909|1628927,complete,playbyplay_inferred
Shot Chart Detail,1022200129,350,1628931,Gabby Williams,1611661328,Seattle Storm,3,4,24,Made Shot,Cutting Layup Shot,2PT Field Goal,Restricted Area,Center(C),Less Than 8 ft.,0,7,-1,1,1,20220705,IND,SEA,2022,1022200129350,15360,validated,202250,1,matched,playbyplayv2,1611661325,100720|202250|204319|1627668|1628931,complete,playbyplay_inferred,202658|203829|1628242|1628909|1628927,complete,playbyplay_inferred
Shot Chart Detail,1022200129,365,1628931,Gabby Williams,1611661328,Seattle Storm,3,3,10,Made Shot,Putback Layup Shot,2PT Field Goal,Restricted Area,Center(C),Less Than 8 ft.,0,0,-6,1,1,20220705,IND,SEA,2022,1022200129365,16100,validated,,0,matched,playbyplayv2,1611661325,100720|202250|204319|1627668|1628931,complete,playbyplay_inferred,202658|203829|1628242|1628909|1631019,complete,playbyplay_inferred
Shot Chart Detail,1022200129,378,1628931,Gabby Williams,1611661328,Seattle Storm,3,2,12,Made Shot,Running Finger Roll Layup Shot,2PT Field Goal,Restricted Area,Center(C),Less Than 8 ft.,1,16,7,1,1,20220705,IND,SEA,2022,1022200129378,16680,validated,,0,matched,playbyplayv2,1611661325,100720|202250|204319|1627668|1628931,complete,playbyplay_inferred,203829|1628242|1628909|1631019|1631089,complete,playbyplay_inferred
Shot Chart Detail,1022200136,23,1628931,Gabby Williams,1611661328,Seattle Storm,1,7,55,Missed Shot,Fadeaway Jump Shot,2PT Field Goal,In The Paint (Non-RA),Center(C),8-16 ft.,11,53,107,1,0,20220707,LAS,SEA,2022,102220013623,1250,validated,,0,matched,playbyplayv2,1611661320,201896|204319|1627668|1628931|1629496,complete,playbyplay_inferred,202633|203014|1628882|1628886|1629478,complete,playbyplay_inferred
Shot Chart Detail,1022200136,42,1628931,Gabby Williams,1611661328,Seattle Storm,1,5,57,Made Shot,Cutting Layup Shot,2PT Field Goal,Restricted Area,Center(C),Less Than 8 ft.,2,13,17,1,1,20220707,LAS,SEA,2022,102220013642,2430,validated,204319,1,matched,playbyplayv2,1611661320,201896|204319|1627668|1628931|1629496,complete,playbyplay_inferred,203014|1628882|1628886|1629478|1631135,complete,playbyplay_inferred
Shot Chart Detail,1022200136,48,1628931,Gabby Williams,1611661328,Seattle Storm,1,5,24,Made Shot,Cutting Layup Shot,2PT Field Goal,Restricted Area,Center(C),Less Than 8 ft.,1,-2,15,1,1,20220707,LAS,SEA,2022,102220013648,2760,validated,1627668,1,matched,playbyplayv2,1611661320,201896|204319|1627668|1628931|1629496,complete,playbyplay_inferred,203014|1628882|1628886|1629478|1631135,complete,playbyplay_inferred
Shot Chart Detail,1022200136,277,1628931,Gabby Williams,1611661328,Seattle Storm,3,8,1,Made Shot,Pullup Jump shot,2PT Field Goal,Mid-Range,Right Side(R),8-16 ft.,14,81,119,1,1,20220707,LAS,SEA,2022,1022200136277,13190,validated,,0,matched,playbyplayv2,1611661320,201896|204319|1627668|1628931|1629496,complete,playbyplay_inferred,202633|203014|1628882|1628886|1629478,complete,playbyplay_inferred
Shot Chart Detail,1022200136,297,1628931,Gabby Williams,1611661328,Seattle Storm,3,5,38,Made Shot,Pullup Jump shot,2PT Field Goal,In The Paint (Non-RA),Center(C),8-16 ft.,11,-37,114,1,1,20220707,LAS,SEA,2022,1022200136297,14620,validated,,0,matched,playbyplayv2,1611661320,201896|204319|1627668|1628931|1629496,complete,playbyplay_inferred,202633|203014|1628882|1628886|1629478,complete,playbyplay_inferred
Shot Chart Detail,1022200136,324,1628931,Gabby Williams,1611661328,Seattle Storm,3,3,39,Made Shot,Cutting Layup Shot,2PT Field Goal,Restricted Area,Center(C),Less Than 8 ft.,1,-3,19,1,1,20220707,LAS,SEA,2022,1022200136324,15810,validated,201896,1,matched,playbyplayv2,1611661320,201896|202250|204319|1627668|1628931,complete,playbyplay_inferred,203014|1628882|1628886|1629478|1631135,complete,playbyplay_inferred
Shot Chart Detail,1022200137,10,1628931,Gabby Williams,1611661328,Seattle Storm,1,9,21,Missed Shot,Pullup Jump shot,2PT Field Goal,Mid-Range,Right Side Center(RC),16-24 ft.,19,90,175,1,0,20220712,SEA,DAL,2022,102220013710,390,validated,,0,matched,playbyplayv2,1611661321,100720|204319|1627668|1628931|1629496,complete,playbyplay_inferred,203866|204330|1629481|1629497|1630149,complete,playbyplay_inferred
Shot Chart Detail,1022200137,32,1628931,Gabby Williams,1611661328,Seattle Storm,1,7,10,Made Shot,Layup Shot,2PT Field Goal,Restricted Area,Center(C),Less Than 8 ft.,3,19,28,1,1,20220712,SEA,DAL,2022,102220013732,1700,validated,1629496,1,matched,playbyplayv2,1611661321,100720|204319|1627668|1628931|1629496,complete,playbyplay_inferred,203866|204330|1629481|1629497|1630149,complete,playbyplay_inferred
Shot Chart Detail,1022200137,319,1628931,Gabby Williams,1611661328,Seattle Storm,3,6,19,Made Shot,Driving Layup Shot,2PT Field Goal,Restricted Area,Center(C),Less Than 8 ft.,2,-22,6,1,1,20220712,SEA,DAL,2022,1022200137319,14210,validated,,0,matched,playbyplayv2,1611661321,100720|204319|1627668|1628931|1629496,complete,playbyplay_inferred,203866|1629479|1629481|1629497|1630112,complete,playbyplay_inferred
Shot Chart Detail,1022200153,309,1628931,Gabby Williams,1611661328,Seattle Storm,2,0,1,Missed Shot,Jump Shot,3PT Field Goal,Above the Break 3,Right Side Center(RC),24+ ft.,25,132,220,1,0,20220717,SEA,IND,2022,1022200153309,11990,validated,,0,matched,playbyplayv2,1611661325,100720|202250|204319|1628931|1629496,complete,playbyplay_inferred,1627676|1628242|1628927|1631083|1631089,complete,playbyplay_inferred
Shot Chart Detail,1022200153,352,1628931,Gabby Williams,1611661328,Seattle Storm,3,6,48,Missed Shot,Pullup Jump shot,2PT Field Goal,Mid-Range,Right Side Center(RC),16-24 ft.,19,83,178,1,0,20220717,SEA,IND,2022,1022200153352,13920,validated,,0,matched,playbyplayv2,1611661325,100720|204319|1627668|1628931|1629496,complete,playbyplay_inferred,202658|1628909|1628927|1631019|1631031,complete,playbyplay_inferred
Shot Chart Detail,1022200153,373,1628931,Gabby Williams,1611661328,Seattle Storm,3,5,31,Missed Shot,Running Layup Shot,2PT Field Goal,Restricted Area,Center(C),Less Than 8 ft.,2,18,11,1,0,20220717,SEA,IND,2022,1022200153373,14690,validated,,0,matched,playbyplayv2,1611661325,100720|204319|1627668|1628931|1629496,complete,playbyplay_inferred,202658|1628242|1628909|1628927|1631019,complete,playbyplay_inferred
Shot Chart Detail,1022200153,452,1628931,Gabby Williams,1611661328,Seattle Storm,3,0,30,Missed Shot,Jump Shot,3PT Field Goal,Above the Break 3,Center(C),24+ ft.,24,-27,245,1,0,20220717,SEA,IND,2022,1022200153452,17700,validated,,0,matched,playbyplayv2,1611661325,201896|202250|202259|1627668|1628931,complete,playbyplay_inferred,1628242|1628909|1628927|1631083|1631089,complete,playbyplay_inferred
Shot Chart Detail,1022200153,579,1628931,Gabby Williams,1611661328,Seattle Storm,4,1,15,Made Shot,Running Layup Shot,2PT Field Goal,In The Paint (Non-RA),Center(C),Less Than 8 ft.,4,40,6,1,1,20220717,SEA,IND,2022,1022200153579,23250,validated,,0,matched,playbyplayv2,1611661325,201896|202259|203855|1628931|1629496,complete,playbyplay_inferred,1628242|1630452|1631019|1631062|1631089,complete,playbyplay_inferred
Shot Chart Detail,1022200157,41,1628931,Gabby Williams,1611661328,Seattle Storm,1,6,9,Made Shot,Running Finger Roll Layup Shot,2PT Field Goal,Restricted Area,Center(C),Less Than 8 ft.,0,-7,2,1,1,20220720,CHI,SEA,2022,102220015741,2310,validated,100720,1,matched,playbyplayv2,1611661329,100720|204319|1627668|1628931|1629496,complete,playbyplay_inferred,201496|201516|203416|1627674|1627700,complete,playbyplay_inferred
Shot Chart Detail,1022200157,187,1628931,Gabby Williams,1611661328,Seattle Storm,2,4,54,Missed Shot,Jump Shot,3PT Field Goal,Above the Break 3,Left Side(L),16-24 ft.,22,-205,97,1,0,20220720,CHI,SEA,2022,1022200157187,9060,validated,,0,matched,playbyplayv2,1611661329,100720|204319|1627668|1628931|1629496,complete,playbyplay_inferred,201496|201516|203416|1627674|1627700,complete,playbyplay_inferred
Shot Chart Detail,1022200157,231,1628931,Gabby Williams,1611661328,Seattle Storm,2,0,26,Missed Shot,Pullup Jump shot,2PT Field Goal,Mid-Range,Center(C),16-24 ft.,17,4,179,1,0,20220720,CHI,SEA,2022,1022200157231,11740,validated,,0,matched,playbyplayv2,1611661329,100720|202250|204319|1627668|1628931,complete,playbyplay_inferred,201496|201516|203416|1627674|1627700,complete,playbyplay_inferred
Shot Chart Detail,1022200157,472,1628931,Gabby Williams,1611661328,Seattle Storm,4,1,28,Missed Shot,Layup Shot,2PT Field Goal,Restricted Area,Center(C),Less Than 8 ft.,2,26,13,1,0,20220720,CHI,SEA,2022,1022200157472,23120,validated,,0,matched,playbyplayv2,1611661329,100720|204319|1627668|1628931|1629496,complete,playbyplay_inferred,201496|201516|203416|1627674|1627700,complete,playbyplay_inferred
Shot Chart Detail,1022200157,474,1628931,Gabby Williams,1611661328,Seattle Storm,4,1,24,Missed Shot,Putback Layup Shot,2PT Field Goal,Restricted Area,Center(C),Less Than 8 ft.,0,0,-6,1,0,20220720,CHI,SEA,2022,1022200157474,23160,validated,,0,matched,playbyplayv2,1611661329,100720|204319|1627668|1628931|1629496,complete,playbyplay_inferred,201496|201516|203416|1627674|1627700,complete,playbyplay_inferred
Shot Chart Detail,1022200163,8,1628931,Gabby Williams,1611661328,Seattle Storm,1,9,23,Missed Shot,Driving Floating Jump Shot,2PT Field Goal,In The Paint (Non-RA),Center(C),8-16 ft.,11,5,113,1,0,20220722,PHO,SEA,2022,10222001638,370,validated,,0,matched,playbyplayv2,1611661317,100720|202250|204319|1627668|1628931,complete,playbyplay_inferred,100940|203035|203400|1629482|1629488,complete,playbyplay_inferred
Shot Chart Detail,1022200163,73,1628931,Gabby Williams,1611661328,Seattle Storm,1,4,4,Made Shot,Pullup Jump shot,2PT Field Goal,Mid-Range,Center(C),16-24 ft.,16,-32,157,1,1,20220722,PHO,SEA,2022,102220016373,3560,validated,204319,1,matched,playbyplayv2,1611661317,100720|204319|1627668|1628931|1629496,complete,playbyplay_inferred,100940|203035|203400|1629482|1629488,complete,playbyplay_inferred
Shot Chart Detail,1022200163,223,1628931,Gabby Williams,1611661328,Seattle Storm,2,4,6,Missed Shot,Driving Finger Roll Layup Shot,2PT Field Goal,Restricted Area,Center(C),Less Than 8 ft.,1,-18,2,1,0,20220722,PHO,SEA,2022,1022200163223,9540,validated,,0,matched,playbyplayv2,1611661317,100720|204319|1627668|1628931|1629496,complete,playbyplay_inferred,100940|203035|203400|1629482|1629488,complete,playbyplay_inferred
Shot Chart Detail,1022200163,255,1628931,Gabby Williams,1611661328,Seattle Storm,2,1,21,Made Shot,Jump Shot,3PT Field Goal,Left Corner 3,Left Side(L),24+ ft.,24,-244,13,1,1,20220722,PHO,SEA,2022,1022200163255,11190,validated,204319,1,matched,playbyplayv2,1611661317,100720|204319|1627668|1628931|1629496,complete,playbyplay_inferred,100940|203035|203400|1629482|1629488,complete,playbyplay_inferred
Shot Chart Detail,1022200163,283,1628931,Gabby Williams,1611661328,Seattle Storm,3,8,47,Missed Shot,Driving Layup Shot,2PT Field Goal,Restricted Area,Center(C),Less Than 8 ft.,1,15,0,1,0,20220722,PHO,SEA,2022,1022200163283,12730,validated,,0,matched,playbyplayv2,1611661317,100720|202250|204319|1627668|1628931,complete,playbyplay_inferred,100940|203035|203400|1629482|1629488,complete,playbyplay_inferred
Shot Chart Detail,1022200163,494,1628931,Gabby Williams,1611661328,Seattle Storm,4,4,51,Missed Shot,Layup Shot,2PT Field Goal,Restricted Area,Center(C),Less Than 8 ft.,3,6,31,1,0,20220722,PHO,SEA,2022,1022200163494,21090,validated,,0,matched,playbyplayv2,1611661317,100720|202250|204319|1627668|1628931,complete,playbyplay_inferred,100940|203035|203400|204334|1629482,complete,playbyplay_inferred
Shot Chart Detail,1022200163,568,1628931,Gabby Williams,1611661328,Seattle Storm,4,0,19,Made Shot,Jump Shot,3PT Field Goal,Left Corner 3,Left Side(L),24+ ft.,23,-238,-10,1,1,20220722,PHO,SEA,2022,1022200163568,23810,validated,1629496,1,matched,playbyplayv2,1611661317,201896|202259|202650|1628931|1629496,complete,playbyplay_inferred,203035|204334|1628273|1628287|1631068,complete,playbyplay_inferred
Shot Chart Detail,1022200167,53,1628931,Gabby Williams,1611661328,Seattle Storm,1,5,16,Missed Shot,Jump Shot,3PT Field Goal,Above the Break 3,Right Side Center(RC),24+ ft.,24,226,99,1,0,20220724,SEA,ATL,2022,102220016753,2840,validated,,0,matched,playbyplayv2,1611661330,100720|202250|204319|1627668|1628931,complete,playbyplay_inferred,203026|204323|204365|1631009|1631044,complete,playbyplay_inferred
Shot Chart Detail,1022200167,69,1628931,Gabby Williams,1611661328,Seattle Storm,1,4,1,Made Shot,Fadeaway Jump Shot,2PT Field Goal,In The Paint (Non-RA),Center(C),Less Than 8 ft.,7,-4,70,1,1,20220724,SEA,ATL,2022,102220016769,3590,validated,100720,1,matched,playbyplayv2,1611661330,100720|204319|1627668|1628931|1629496,complete,playbyplay_inferred,203026|204323|204365|1628929|1631044,complete,playbyplay_inferred
Shot Chart Detail,1022200167,224,1628931,Gabby Williams,1611661328,Seattle Storm,2,1,56,Missed Shot,Pullup Jump shot,2PT Field Goal,Mid-Range,Right Side Center(RC),16-24 ft.,17,104,135,1,0,20220724,SEA,ATL,2022,1022200167224,10840,validated,,0,matched,playbyplayv2,1611661330,100720|202250|204319|1627668|1628931,complete,playbyplay_inferred,201913|203026|204365|1631009|1631044,complete,playbyplay_inferred
Shot Chart Detail,1022200167,501,1628931,Gabby Williams,1611661328,Seattle Storm,4,2,14,Made Shot,Running Layup Shot,2PT Field Goal,Restricted Area,Center(C),Less Than 8 ft.,2,19,13,1,1,20220724,SEA,ATL,2022,1022200167501,22660,validated,100720,1,matched,playbyplayv2,1611661330,100720|202250|204319|1627668|1628931,complete,playbyplay_inferred,203026|204323|204365|1631009|1631044,complete,playbyplay_inferred
Shot Chart Detail,1022200170,16,1628931,Gabby Williams,1611661328,Seattle Storm,1,8,45,Made Shot,Putback Layup Shot,2PT Field Goal,Restricted Area,Center(C),Less Than 8 ft.,0,0,-6,1,1,20220728,CON,SEA,2022,102220017016,750,validated,,0,matched,playbyplayv2,1611661323,100720|202250|204319|1627668|1628931,complete,playbyplay_inferred,201886|203826|1627673|1627675|1629567,complete,playbyplay_inferred
Shot Chart Detail,1022200170,35,1628931,Gabby Williams,1611661328,Seattle Storm,1,6,50,Made Shot,Jump Shot,3PT Field Goal,Above the Break 3,Left Side Center(LC),24+ ft.,25,-174,181,1,1,20220728,CON,SEA,2022,102220017035,1900,validated,100720,1,matched,playbyplayv2,1611661323,100720|202250|204319|1627668|1628931,complete,playbyplay_inferred,201886|203826|1627673|1627675|1629567,complete,playbyplay_inferred
Shot Chart Detail,1022200170,188,1628931,Gabby Williams,1611661328,Seattle Storm,2,5,39,Missed Shot,Jump Shot,3PT Field Goal,Above the Break 3,Left Side Center(LC),24+ ft.,23,-143,192,1,0,20220728,CON,SEA,2022,1022200170188,8610,validated,,0,matched,playbyplayv2,1611661323,100720|202250|204319|1627668|1628931,complete,playbyplay_inferred,1627673|1627675|1628280|1630096|1631002,complete,playbyplay_inferred
Shot Chart Detail,1022200170,192,1628931,Gabby Williams,1611661328,Seattle Storm,2,5,15,Made Shot,Running Layup Shot,2PT Field Goal,Restricted Area,Center(C),Less Than 8 ft.,1,-7,17,1,1,20220728,CON,SEA,2022,1022200170192,8850,validated,,0,matched,playbyplayv2,1611661323,100720|202250|204319|1627668|1628931,complete,playbyplay_inferred,1627673|1627675|1628280|1630096|1631002,complete,playbyplay_inferred
Shot Chart Detail,1022200170,276,1628931,Gabby Williams,1611661328,Seattle Storm,3,9,22,Missed Shot,Jump Shot,3PT Field Goal,Above the Break 3,Left Side Center(LC),24+ ft.,24,-139,200,1,0,20220728,CON,SEA,2022,1022200170276,12380,validated,,0,matched,playbyplayv2,1611661323,100720|202250|204319|1627668|1628931,complete,playbyplay_inferred,201886|203826|1627673|1627675|1629567,complete,playbyplay_inferred
Shot Chart Detail,1022200170,303,1628931,Gabby Williams,1611661328,Seattle Storm,3,6,31,Made Shot,Cutting Layup Shot,2PT Field Goal,Restricted Area,Center(C),Less Than 8 ft.,1,7,11,1,1,20220728,CON,SEA,2022,1022200170303,14090,validated,202250,1,matched,playbyplayv2,1611661323,100720|202250|204319|1627668|1628931,complete,playbyplay_inferred,201886|203826|1627673|1627675|1629567,complete,playbyplay_inferred
Shot Chart Detail,1022200170,307,1628931,Gabby Williams,1611661328,Seattle Storm,3,6,0,Made Shot,Running Layup Shot,2PT Field Goal,Restricted Area,Center(C),Less Than 8 ft.,2,-26,7,1,1,20220728,CON,SEA,2022,1022200170307,14400,validated,,0,matched,playbyplayv2,1611661323,100720|202250|204319|1627668|1628931,complete,playbyplay_inferred,201886|203826|1627673|1627675|1629567,complete,playbyplay_inferred
Shot Chart Detail,1022200170,389,1628931,Gabby Williams,1611661328,Seattle Storm,3,0,38,Missed Shot,Jump Shot,3PT Field Goal,Above the Break 3,Left Side Center(LC),24+ ft.,26,-169,203,1,0,20220728,CON,SEA,2022,1022200170389,17620,validated,,0,matched,playbyplayv2,1611661323,201896|202250|203855|1628931|1629496,complete,playbyplay_inferred,201886|203826|1627675|1628280|1631002,complete,playbyplay_inferred
Shot Chart Detail,1022200170,459,1628931,Gabby Williams,1611661328,Seattle Storm,4,4,54,Missed Shot,Cutting Layup Shot,2PT Field Goal,Restricted Area,Center(C),Less Than 8 ft.,3,27,28,1,0,20220728,CON,SEA,2022,1022200170459,21060,validated,,0,matched,playbyplayv2,1611661323,100720|202250|204319|1627668|1628931,complete,playbyplay_inferred,201886|203826|1627675|1628280|1630096,complete,playbyplay_inferred
Shot Chart Detail,1022200170,461,1628931,Gabby Williams,1611661328,Seattle Storm,4,4,53,Missed Shot,Tip Layup Shot,2PT Field Goal,In The Paint (Non-RA),Center(C),Less Than 8 ft.,4,40,25,1,0,20220728,CON,SEA,2022,1022200170461,21070,validated,,0,matched,playbyplayv2,1611661323,100720|202250|204319|1627668|1628931,complete,playbyplay_inferred,201886|203826|1627675|1628280|1630096,complete,playbyplay_inferred
Shot Chart Detail,1022200170,486,1628931,Gabby Williams,1611661328,Seattle Storm,4,2,55,Made Shot,Running Layup Shot,2PT Field Goal,Restricted Area,Center(C),Less Than 8 ft.,2,23,-15,1,1,20220728,CON,SEA,2022,1022200170486,22250,validated,,0,matched,playbyplayv2,1611661323,100720|202250|204319|1627668|1628931,complete,playbyplay_inferred,201886|1627673|1627675|1628280|1629567,complete,playbyplay_inferred
Shot Chart Detail,1022200175,44,1628931,Gabby Williams,1611661328,Seattle Storm,1,6,7,Made Shot,Cutting Layup Shot,2PT Field Goal,Restricted Area,Center(C),Less Than 8 ft.,2,22,-4,1,1,20220730,WAS,SEA,2022,102220017544,2330,validated,202250,1,matched,playbyplayv2,1611661322,100720|202250|204319|1627668|1628931,complete,playbyplay_inferred,202252|203399|204333|1628878|1631022,complete,playbyplay_inferred
Shot Chart Detail,1022200175,73,1628931,Gabby Williams,1611661328,Seattle Storm,1,4,3,Missed Shot,Pullup Jump shot,2PT Field Goal,Mid-Range,Center(C),16-24 ft.,16,-47,160,1,0,20220730,WAS,SEA,2022,102220017573,3570,validated,,0,matched,playbyplayv2,1611661322,100720|204319|1627668|1628931|1629496,complete,playbyplay_inferred,202252|204333|1628878|1628899|1631022,complete,playbyplay_inferred
Shot Chart Detail,1022200175,321,1628931,Gabby Williams,1611661328,Seattle Storm,3,4,59,Made Shot,Jump Shot,3PT Field Goal,Above the Break 3,Left Side Center(LC),24+ ft.,25,-142,208,1,1,20220730,WAS,SEA,2022,1022200175321,15010,validated,1627668,1,matched,playbyplayv2,1611661322,100720|202250|204319|1627668|1628931,complete,playbyplay_inferred,202252|203399|204333|1628878|1631022,complete,playbyplay_inferred
Shot Chart Detail,1022200175,327,1628931,Gabby Williams,1611661328,Seattle Storm,3,4,12,Missed Shot,Layup Shot,2PT Field Goal,In The Paint (Non-RA),Center(C),Less Than 8 ft.,4,5,46,1,0,20220730,WAS,SEA,2022,1022200175327,15480,validated,,0,matched,playbyplayv2,1611661322,100720|202250|204319|1627668|1628931,complete,playbyplay_inferred,202252|203399|204333|1628878|1631022,complete,playbyplay_inferred
Shot Chart Detail,1022200175,367,1628931,Gabby Williams,1611661328,Seattle Storm,3,1,19,Missed Shot,Running Layup Shot,2PT Field Goal,Restricted Area,Center(C),Less Than 8 ft.,1,2,18,1,0,20220730,WAS,SEA,2022,1022200175367,17210,validated,,0,matched,playbyplayv2,1611661322,100720|204319|1627668|1628931|1629496,complete,playbyplay_inferred,203399|204333|1628278|1628899|1630957,complete,playbyplay_inferred
Shot Chart Detail,1022200180,7,1628931,Gabby Williams,1611661328,Seattle Storm,1,9,40,Made Shot,Cutting Layup Shot,2PT Field Goal,Restricted Area,Center(C),Less Than 8 ft.,2,20,15,1,1,20220731,WAS,SEA,2022,10222001807,200,validated,1627668,1,matched,playbyplayv2,1611661322,100720|202250|204319|1627668|1628931,complete,playbyplay_inferred,202252|203399|204333|1628878|1631022,complete,playbyplay_inferred
Shot Chart Detail,1022200180,30,1628931,Gabby Williams,1611661328,Seattle Storm,1,6,35,Missed Shot,Step Back Jump shot,2PT Field Goal,Mid-Range,Right Side Center(RC),16-24 ft.,16,118,119,1,0,20220731,WAS,SEA,2022,102220018030,2050,validated,,0,matched,playbyplayv2,1611661322,100720|202250|204319|1627668|1628931,complete,playbyplay_inferred,202252|203399|204333|1628878|1631022,complete,playbyplay_inferred
Shot Chart Detail,1022200180,253,1628931,Gabby Williams,1611661328,Seattle Storm,3,9,26,Missed Shot,Jump Shot,3PT Field Goal,Above the Break 3,Right Side Center(RC),24+ ft.,25,104,232,1,0,20220731,WAS,SEA,2022,1022200180253,12340,validated,,0,matched,playbyplayv2,1611661322,100720|202250|204319|1627668|1628931,complete,playbyplay_inferred,202252|203399|204333|1628878|1631022,complete,playbyplay_inferred
Shot Chart Detail,1022200180,434,1628931,Gabby Williams,1611661328,Seattle Storm,4,5,35,Made Shot,Running Layup Shot,2PT Field Goal,In The Paint (Non-RA),Center(C),Less Than 8 ft.,4,30,30,1,1,20220731,WAS,SEA,2022,1022200180434,20650,validated,,0,matched,playbyplayv2,1611661322,100720|202250|204319|1627668|1628931,complete,playbyplay_inferred,202252|203399|204333|1628278|1631022,complete,playbyplay_inferred
Shot Chart Detail,1022200180,442,1628931,Gabby Williams,1611661328,Seattle Storm,4,4,43,Missed Shot,Cutting Layup Shot,2PT Field Goal,In The Paint (Non-RA),Center(C),Less Than 8 ft.,4,-9,40,1,0,20220731,WAS,SEA,2022,1022200180442,21170,validated,,0,matched,playbyplayv2,1611661322,100720|202250|204319|1627668|1628931,complete,playbyplay_inferred,202252|203399|204333|1628278|1631022,complete,playbyplay_inferred
Shot Chart Detail,1022200180,496,1628931,Gabby Williams,1611661328,Seattle Storm,4,0,0,Missed Shot,Turnaround Jump Shot,3PT Field Goal,Above the Break 3,Left Side(L),24+ ft.,23,-228,72,1,0,20220731,WAS,SEA,2022,1022200180496,24000,validated,,0,matched,playbyplayv2,1611661322,100720|202250|204319|1627668|1628931,complete,playbyplay_inferred,202252|203399|204333|1628878|1631022,complete,playbyplay_inferred
Shot Chart Detail,1022200188,11,1628931,Gabby Williams,1611661328,Seattle Storm,1,9,21,Made Shot,Jump Shot,3PT Field Goal,Above the Break 3,Left Side Center(LC),24+ ft.,24,-106,219,1,1,20220803,SEA,MIN,2022,102220018811,390,validated,1627668,1,matched,playbyplayv2,1611661324,100720|202250|204319|1627668|1628931,complete,playbyplay_inferred,201480|203825|1627669|1627672|1629491,complete,playbyplay_inferred
Shot Chart Detail,1022200188,68,1628931,Gabby Williams,1611661328,Seattle Storm,1,4,45,Made Shot,Fadeaway Jump Shot,2PT Field Goal,Mid-Range,Left Side(L),8-16 ft.,12,-123,38,1,1,20220803,SEA,MIN,2022,102220018868,3150,validated,,0,matched,playbyplayv2,1611661324,100720|204319|1627668|1628931|1629496,complete,playbyplay_inferred,201480|203825|1627669|1627672|1629491,complete,playbyplay_inferred
Shot Chart Detail,1022200188,233,1628931,Gabby Williams,1611661328,Seattle Storm,2,3,47,Made Shot,Running Layup Shot,2PT Field Goal,In The Paint (Non-RA),Center(C),Less Than 8 ft.,5,-50,18,1,1,20220803,SEA,MIN,2022,1022200188233,9730,validated,,0,matched,playbyplayv2,1611661324,100720|202250|204319|1627668|1628931,complete,playbyplay_inferred,201480|1627669|1627672|1629491|1629524,complete,playbyplay_inferred
Shot Chart Detail,1022200188,296,1628931,Gabby Williams,1611661328,Seattle Storm,3,8,14,Made Shot,Driving Layup Shot,2PT Field Goal,Restricted Area,Center(C),Less Than 8 ft.,1,16,8,1,1,20220803,SEA,MIN,2022,1022200188296,13060,validated,202250,1,matched,playbyplayv2,1611661324,100720|202250|204319|1627668|1628931,complete,playbyplay_inferred,201480|203825|1627669|1627672|1629491,complete,playbyplay_inferred
Shot Chart Detail,1022200188,314,1628931,Gabby Williams,1611661328,Seattle Storm,3,6,1,Missed Shot,Jump Shot,3PT Field Goal,Above the Break 3,Right Side Center(RC),24+ ft.,23,221,93,1,0,20220803,SEA,MIN,2022,1022200188314,14390,validated,,0,matched,playbyplayv2,1611661324,100720|202250|204319|1627668|1628931,complete,playbyplay_inferred,201480|203825|1627669|1627672|1629491,complete,playbyplay_inferred
Shot Chart Detail,1022200188,337,1628931,Gabby Williams,1611661328,Seattle Storm,3,3,34,Missed Shot,Pullup Jump shot,2PT Field Goal,Mid-Range,Right Side Center(RC),16-24 ft.,18,72,175,1,0,20220803,SEA,MIN,2022,1022200188337,15860,validated,,0,matched,playbyplayv2,1611661324,100720|202250|204319|1627668|1628931,complete,playbyplay_inferred,201480|203825|1627672|1628263|1629491,complete,playbyplay_inferred
Shot Chart Detail,1022200188,372,1628931,Gabby Williams,1611661328,Seattle Storm,3,1,21,Made Shot,Driving Layup Shot,2PT Field Goal,Restricted Area,Center(C),Less Than 8 ft.,2,21,15,1,1,20220803,SEA,MIN,2022,1022200188372,17190,validated,1629496,1,matched,playbyplayv2,1611661324,201896|202259|1627668|1628931|1629496,complete,playbyplay_inferred,203831|1627669|1627671|1629491|1629524,complete,playbyplay_inferred
Shot Chart Detail,1022200188,450,1628931,Gabby Williams,1611661328,Seattle Storm,4,5,43,Made Shot,Driving Layup Shot,2PT Field Goal,In The Paint (Non-RA),Center(C),Less Than 8 ft.,5,1,51,1,1,20220803,SEA,MIN,2022,1022200188450,20570,validated,202250,1,matched,playbyplayv2,1611661324,100720|202250|204319|1627668|1628931,complete,playbyplay_inferred,203831|1627671|1628263|1629524|1631263,complete,playbyplay_inferred
Shot Chart Detail,1022200188,499,1628931,Gabby Williams,1611661328,Seattle Storm,4,0,25,Missed Shot,Jump Shot,3PT Field Goal,Above the Break 3,Center(C),24+ ft.,25,-55,248,1,0,20220803,SEA,MIN,2022,1022200188499,23750,validated,,0,matched,playbyplayv2,1611661324,202259|202650|204319|1628931|1629496,complete,playbyplay_inferred,203831|1627671|1628263|1629524|1631263,complete,playbyplay_inferred
Shot Chart Detail,1022200197,7,1628931,Gabby Williams,1611661328,Seattle Storm,1,9,32,Missed Shot,Turnaround Jump Shot,2PT Field Goal,Mid-Range,Left Side(L),8-16 ft.,11,-117,14,1,0,20220807,SEA,LVA,2022,10222001977,280,validated,,0,matched,playbyplayv2,1611661319,100720|202250|204319|1627668|1628931,complete,playbyplay_inferred,203833|204329|1628276|1628932|1629498,complete,playbyplay_inferred
Shot Chart Detail,1022200197,18,1628931,Gabby Williams,1611661328,Seattle Storm,1,8,33,Made Shot,Driving Layup Shot,2PT Field Goal,In The Paint (Non-RA),Center(C),Less Than 8 ft.,4,41,28,1,1,20220807,SEA,LVA,2022,102220019718,870,validated,100720,1,matched,playbyplayv2,1611661319,100720|202250|204319|1627668|1628931,complete,playbyplay_inferred,203833|204329|1628276|1628932|1629498,complete,playbyplay_inferred
Shot Chart Detail,1022200197,35,1628931,Gabby Williams,1611661328,Seattle Storm,1,6,17,Missed Shot,Turnaround Hook Shot,2PT Field Goal,In The Paint (Non-RA),Center(C),Less Than 8 ft.,4,30,38,1,0,20220807,SEA,LVA,2022,102220019735,2230,validated,,0,matched,playbyplayv2,1611661319,100720|202250|204319|1627668|1628931,complete,playbyplay_inferred,203833|204329|1628276|1628932|1629498,complete,playbyplay_inferred
Shot Chart Detail,1022200197,116,1628931,Gabby Williams,1611661328,Seattle Storm,1,1,8,Missed Shot,Jump Shot,3PT Field Goal,Left Corner 3,Left Side(L),24+ ft.,22,-227,27,1,0,20220807,SEA,LVA,2022,1022200197116,5320,validated,,0,matched,playbyplayv2,1611661319,201896|202259|1627668|1628931|1629496,complete,playbyplay_inferred,203029|203833|204324|204329|1629498,complete,playbyplay_inferred
Shot Chart Detail,1022200197,198,1628931,Gabby Williams,1611661328,Seattle Storm,2,4,12,Made Shot,Cutting Layup Shot,2PT Field Goal,In The Paint (Non-RA),Center(C),Less Than 8 ft.,4,32,25,1,1,20220807,SEA,LVA,2022,1022200197198,9480,validated,100720,1,matched,playbyplayv2,1611661319,100720|202250|204319|1627668|1628931,complete,playbyplay_inferred,203833|204329|1628276|1628932|1629498,complete,playbyplay_inferred
Shot Chart Detail,1022200197,363,1628931,Gabby Williams,1611661328,Seattle Storm,3,3,12,Missed Shot,Running Layup Shot,2PT Field Goal,In The Paint (Non-RA),Center(C),Less Than 8 ft.,5,56,10,1,0,20220807,SEA,LVA,2022,1022200197363,16080,validated,,0,matched,playbyplayv2,1611661319,100720|204319|1627668|1628931|1629496,complete,playbyplay_inferred,203029|204324|1628276|1628932|1629498,complete,playbyplay_inferred
Shot Chart Detail,1022200197,368,1628931,Gabby Williams,1611661328,Seattle Storm,3,2,57,Made Shot,Running Layup Shot,2PT Field Goal,Restricted Area,Center(C),Less Than 8 ft.,1,7,9,1,1,20220807,SEA,LVA,2022,1022200197368,16230,validated,,0,matched,playbyplayv2,1611661319,100720|204319|1627668|1628931|1629496,complete,playbyplay_inferred,203029|204324|1628276|1628932|1629498,complete,playbyplay_inferred
Shot Chart Detail,1022200200,59,1628931,Gabby Williams,1611661328,Seattle Storm,1,4,30,Made Shot,Cutting Layup Shot,2PT Field Goal,Restricted Area,Center(C),Less Than 8 ft.,0,-4,2,1,1,20220809,CHI,SEA,2022,102220020059,3300,validated,100720,1,matched,playbyplayv2,1611661329,100720|202250|204319|1627668|1628931,complete,playbyplay_inferred,201496|201516|202664|203416|1627674,complete,playbyplay_inferred
Shot Chart Detail,1022200200,93,1628931,Gabby Williams,1611661328,Seattle Storm,1,2,25,Made Shot,Running Layup Shot,2PT Field Goal,Restricted Area,Center(C),Less Than 8 ft.,1,10,12,1,1,20220809,CHI,SEA,2022,102220020093,4550,validated,204319,1,matched,playbyplayv2,1611661329,201896|202250|204319|1627668|1628931,complete,playbyplay_inferred,201496|202664|203822|1627674|1628922,complete,playbyplay_inferred
Shot Chart Detail,1022200200,99,1628931,Gabby Williams,1611661328,Seattle Storm,1,1,49,Made Shot,Driving Layup Shot,2PT Field Goal,Restricted Area,Center(C),Less Than 8 ft.,1,-8,12,1,1,20220809,CHI,SEA,2022,102220020099,4910,validated,1627668,1,matched,playbyplayv2,1611661329,201896|202250|204319|1627668|1628931,complete,playbyplay_inferred,201496|202664|203822|1627674|1628922,complete,playbyplay_inferred
Shot Chart Detail,1022200200,118,1628931,Gabby Williams,1611661328,Seattle Storm,1,0,53,Made Shot,Jump Shot,3PT Field Goal,Above the Break 3,Left Side(L),16-24 ft.,22,-193,122,1,1,20220809,CHI,SEA,2022,1022200200118,5470,validated,201896,1,matched,playbyplayv2,1611661329,201896|202259|1627668|1628931|1629496,complete,playbyplay_inferred,203416|203822|1627674|1627700|1628922,complete,playbyplay_inferred
Shot Chart Detail,1022200200,236,1628931,Gabby Williams,1611661328,Seattle Storm,2,2,14,Missed Shot,Running Layup Shot,2PT Field Goal,Restricted Area,Center(C),Less Than 8 ft.,1,15,5,1,0,20220809,CHI,SEA,2022,1022200200236,10660,validated,,0,matched,playbyplayv2,1611661329,100720|202250|204319|1627668|1628931,complete,playbyplay_inferred,201496|202664|203822|1627674|1628922,complete,playbyplay_inferred
Shot Chart Detail,1022200200,335,1628931,Gabby Williams,1611661328,Seattle Storm,3,5,17,Made Shot,Jump Shot,3PT Field Goal,Above the Break 3,Left Side Center(LC),24+ ft.,25,-202,156,1,1,20220809,CHI,SEA,2022,1022200200335,14830,validated,100720,1,matched,playbyplayv2,1611661329,100720|202250|204319|1627668|1628931,complete,playbyplay_inferred,201496|201516|202664|203416|1627674,complete,playbyplay_inferred
Shot Chart Detail,1022200200,447,1628931,Gabby Williams,1611661328,Seattle Storm,4,7,43,Made Shot,Layup Shot,2PT Field Goal,Restricted Area,Center(C),Less Than 8 ft.,2,-20,0,1,1,20220809,CHI,SEA,2022,1022200200447,19370,validated,1627668,1,matched,playbyplayv2,1611661329,100720|204319|1627668|1628931|1629496,complete,playbyplay_inferred,201516|202664|203416|203822|1628922,complete,playbyplay_inferred
Shot Chart Detail,1022200200,474,1628931,Gabby Williams,1611661328,Seattle Storm,4,6,13,Made Shot,Running Alley Oop Layup Shot,2PT Field Goal,Restricted Area,Center(C),Less Than 8 ft.,2,-26,6,1,1,20220809,CHI,SEA,2022,1022200200474,20270,validated,201896,1,matched,playbyplayv2,1611661329,201896|204319|1627668|1628931|1629496,complete,playbyplay_inferred,201496|201516|202664|203416|1627674,complete,playbyplay_inferred
Shot Chart Detail,1022200200,486,1628931,Gabby Williams,1611661328,Seattle Storm,4,5,39,Missed Shot,Jump Shot,3PT Field Goal,Right Corner 3,Right Side(R),24+ ft.,22,229,-2,1,0,20220809,CHI,SEA,2022,1022200200486,20610,validated,,0,matched,playbyplayv2,1611661329,201896|202250|204319|1627668|1628931,complete,playbyplay_inferred,201496|201516|202664|1627674|1628922,complete,playbyplay_inferred
Shot Chart Detail,1022200209,16,1628931,Gabby Williams,1611661328,Seattle Storm,1,8,40,Missed Shot,Jump Shot,3PT Field Goal,Left Corner 3,Left Side(L),24+ ft.,23,-229,-23,1,0,20220812,MIN,SEA,2022,102220020916,800,validated,,0,matched,playbyplayv2,1611661324,100720|202250|204319|1627668|1628931,complete,playbyplay_inferred,201480|203825|1627669|1629483|1629491,complete,playbyplay_inferred
Shot Chart Detail,1022200209,20,1628931,Gabby Williams,1611661328,Seattle Storm,1,8,0,Missed Shot,Jump Shot,3PT Field Goal,Above the Break 3,Center(C),24+ ft.,25,32,251,1,0,20220812,MIN,SEA,2022,102220020920,1200,validated,,0,matched,playbyplayv2,1611661324,100720|202250|204319|1627668|1628931,complete,playbyplay_inferred,201480|203825|1627669|1629483|1629491,complete,playbyplay_inferred
Shot Chart Detail,1022200209,59,1628931,Gabby Williams,1611661328,Seattle Storm,1,4,1,Missed Shot,Cutting Layup Shot,2PT Field Goal,In The Paint (Non-RA),Center(C),Less Than 8 ft.,6,60,20,1,0,20220812,MIN,SEA,2022,102220020959,3590,validated,,0,matched,playbyplayv2,1611661324,100720|202250|204319|1627668|1628931,complete,playbyplay_inferred,201480|203825|1627671|1627672|1629491,complete,playbyplay_inferred
Shot Chart Detail,1022200209,77,1628931,Gabby Williams,1611661328,Seattle Storm,1,2,47,Made Shot,Running Layup Shot,2PT Field Goal,Restricted Area,Center(C),Less Than 8 ft.,2,22,0,1,1,20220812,MIN,SEA,2022,102220020977,4330,validated,,0,matched,playbyplayv2,1611661324,201896|202250|204319|1627668|1628931,complete,playbyplay_inferred,203825|203831|1627671|1627672|1629491,complete,playbyplay_inferred
Shot Chart Detail,1022200209,455,1628931,Gabby Williams,1611661328,Seattle Storm,4,5,14,Made Shot,Jump Shot,3PT Field Goal,Above the Break 3,Left Side Center(LC),24+ ft.,26,-132,231,1,1,20220812,MIN,SEA,2022,1022200209455,20860,validated,201896,1,matched,playbyplayv2,1611661324,201896|202250|204319|1627668|1628931,complete,playbyplay_inferred,203825|203831|1627669|1627672|1629524,complete,playbyplay_inferred
Shot Chart Detail,1022200215,47,1628931,Gabby Williams,1611661328,Seattle Storm,1,5,3,Missed Shot,Cutting Layup Shot,2PT Field Goal,Restricted Area,Center(C),Less Than 8 ft.,2,-26,13,1,0,20220814,LVA,SEA,2022,102220021547,2970,validated,,0,matched,playbyplayv2,1611661319,100720|202250|204319|1627668|1628931,complete,playbyplay_inferred,203833|204329|1628276|1628932|1629498,complete,playbyplay_inferred
Shot Chart Detail,1022200215,122,1628931,Gabby Williams,1611661328,Seattle Storm,1,0,1,Made Shot,Running Layup Shot,2PT Field Goal,Restricted Area,Center(C),Less Than 8 ft.,2,20,22,1,1,20220814,LVA,SEA,2022,1022200215122,5990,validated,203855,1,matched,playbyplayv2,1611661319,201896|203855|1627668|1628931|1629496,complete,playbyplay_inferred,203029|204329|1628276|1629498|1630387,complete,playbyplay_inferred
Shot Chart Detail,1022200215,219,1628931,Gabby Williams,1611661328,Seattle Storm,2,3,31,Missed Shot,Jump Shot,3PT Field Goal,Above the Break 3,Right Side Center(RC),24+ ft.,24,127,209,1,0,20220814,LVA,SEA,2022,1022200215219,9890,validated,,0,matched,playbyplayv2,1611661319,100720|204319|1627668|1628931|1629496,complete,playbyplay_inferred,203833|204329|1628276|1628932|1629498,complete,playbyplay_inferred
Shot Chart Detail,1022200215,271,1628931,Gabby Williams,1611661328,Seattle Storm,3,9,45,Made Shot,Layup Shot,2PT Field Goal,In The Paint (Non-RA),Center(C),Less Than 8 ft.,4,34,22,1,1,20220814,LVA,SEA,2022,1022200215271,12150,validated,202250,1,matched,playbyplayv2,1611661319,100720|202250|204319|1627668|1628931,complete,playbyplay_inferred,203029|203833|204329|1628276|1628932,complete,playbyplay_inferred
Shot Chart Detail,1022200215,327,1628931,Gabby Williams,1611661328,Seattle Storm,3,4,48,Made Shot,Driving Reverse Layup Shot,2PT Field Goal,Restricted Area,Center(C),Less Than 8 ft.,3,32,11,1,1,20220814,LVA,SEA,2022,1022200215327,15120,validated,,0,matched,playbyplayv2,1611661319,100720|202250|204319|1627668|1628931,complete,playbyplay_inferred,203029|203833|204329|1628276|1628932,complete,playbyplay_inferred
Shot Chart Detail,1022200215,344,1628931,Gabby Williams,1611661328,Seattle Storm,3,3,48,Made Shot,Jump Shot,3PT Field Goal,Above the Break 3,Left Side Center(LC),24+ ft.,24,-167,174,1,1,20220814,LVA,SEA,2022,1022200215344,15720,validated,1627668,1,matched,playbyplayv2,1611661319,100720|202250|204319|1627668|1628931,complete,playbyplay_inferred,203029|203833|1628276|1628932|1630387,complete,playbyplay_inferred
Shot Chart Detail,1022200215,456,1628931,Gabby Williams,1611661328,Seattle Storm,4,6,32,Made Shot,Pullup Jump shot,2PT Field Goal,Mid-Range,Right Side Center(RC),16-24 ft.,20,141,152,1,1,20220814,LVA,SEA,2022,1022200215456,20080,validated,,0,matched,playbyplayv2,1611661319,201896|204319|1627668|1628931|1629496,complete,playbyplay_inferred,203029|203833|204329|1628276|1628932,complete,playbyplay_inferred
Shot Chart Detail,1022200215,465,1628931,Gabby Williams,1611661328,Seattle Storm,4,5,53,Missed Shot,Jump Shot,3PT Field Goal,Above the Break 3,Right Side Center(RC),24+ ft.,26,189,188,1,0,20220814,LVA,SEA,2022,1022200215465,20470,validated,,0,matched,playbyplayv2,1611661319,201896|204319|1627668|1628931|1629496,complete,playbyplay_inferred,203833|204329|1628276|1628932|1629498,complete,playbyplay_inferred
Shot Chart Detail,1022200215,488,1628931,Gabby Williams,1611661328,Seattle Storm,4,3,39,Missed Shot,Jump Shot,3PT Field Goal,Above the Break 3,Left Side Center(LC),24+ ft.,24,-219,118,1,0,20220814,LVA,SEA,2022,1022200215488,21810,validated,,0,matched,playbyplayv2,1611661319,100720|204319|1627668|1628931|1629496,complete,playbyplay_inferred,203833|204329|1628276|1628932|1629498,complete,playbyplay_inferred
