GRID_TYPE,GAME_ID,GAME_EVENT_ID,PLAYER_ID,PLAYER_NAME,TEAM_ID,TEAM_NAME,PERIOD,MINUTES_REMAINING,SECONDS_REMAINING,EVENT_TYPE,ACTION_TYPE,SHOT_TYPE,SHOT_ZONE_BASIC,SHOT_ZONE_AREA,SHOT_ZONE_RANGE,SHOT_DISTANCE,LOC_X,LOC_Y,SHOT_ATTEMPTED_FLAG,SHOT_MADE_FLAG,GAME_DATE,HTM,VTM,SEASON,SHOT_ID,time,SHOT_DATA_STATUS,ASSIST_ID,assisted,ASSIST_STATUS,PBP_SOURCE,OPP_TEAM_ID,PLAYERS_ON,LINEUP_STATUS,LINEUP_SOURCE,OPP_PLAYERS_ON,OPP_LINEUP_STATUS,OPP_LINEUP_SOURCE,SHOOTING_TEAM_ID,SHOOTING_TEAM_NAME
Shot Chart Detail,1042100111,10,1628922,Azurá Stevens,1611661321,Dallas Wings,1,9,38,Made Shot,Layup Shot,2PT Field Goal,Restricted Area,Center(C),Less Than 8 ft.,0,6,-2,1,1,20210923,CHI,DAL,2021,104210011110,220,validated,202664,1,matched,playbyplayv2,1611661329,203866|1627669|1628277|1629481|1630093,complete,playbyplay_inferred,201496|201516|202664|1627674|1628922,complete,playbyplay_inferred,1611661329,Chicago Sky
Shot Chart Detail,1042100111,15,201496,Candace Parker,1611661321,Dallas Wings,1,9,13,Made Shot,Driving Layup Shot,2PT Field Goal,Restricted Area,Center(C),Less Than 8 ft.,1,12,1,1,1,20210923,CHI,DAL,2021,104210011115,470,validated,,0,matched,playbyplayv2,1611661329,203866|1627669|1628277|1629481|1630093,complete,playbyplay_inferred,201496|201516|202664|1627674|1628922,complete,playbyplay_inferred,1611661329,Chicago Sky
Shot Chart Detail,1042100111,19,201496,Candace Parker,1611661321,Dallas Wings,1,8,36,Missed Shot,Jump Shot,2PT Field Goal,Restricted Area,Center(C),Less Than 8 ft.,3,33,12,1,0,20210923,CHI,DAL,2021,104210011119,840,validated,,0,matched,playbyplayv2,1611661329,203866|1627669|1628277|1629481|1630093,complete,playbyplay_inferred,201496|201516|202664|1627674|1628922,complete,playbyplay_inferred,1611661329,Chicago Sky
Shot Chart Detail,1042100111,21,201516,Allie Quigley,1611661321,Dallas Wings,1,8,33,Missed Shot,Jump Shot,2PT Field Goal,Mid-Range,Right Side(R),8-16 ft.,13,132,-9,1,0,20210923,CHI,DAL,2021,104210011121,870,validated,,0,matched,playbyplayv2,1611661329,203866|1627669|1628277|1629481|1630093,complete,playbyplay_inferred,201496|201516|202664|1627674|1628922,complete,playbyplay_inferred,1611661329,Chicago Sky
Shot Chart Detail,1042100111,27,201516,Allie Quigley,1611661321,Dallas Wings,1,8,3,Missed Shot,Jump Shot,2PT Field Goal,In The Paint (Non-RA),Center(C),8-16 ft.,10,-4,108,1,0,20210923,CHI,DAL,2021,104210011127,1170,validated,,0,matched,playbyplayv2,1611661329,203866|1627669|1628277|1629481|1630093,complete,playbyplay_inferred,201496|201516|202664|1627674|1628922,complete,playbyplay_inferred,1611661329,Chicago Sky
Shot Chart Detail,1042100111,32,1627674,Kahleah Copper,1611661321,Dallas Wings,1,7,35,Made Shot,Driving Layup Shot,2PT Field Goal,Restricted Area,Center(C),Less Than 8 ft.,1,12,9,1,1,20210923,CHI,DAL,2021,104210011132,1450,validated,201496,1,matched,playbyplayv2,1611661329,203866|1627669|1628277|1629481|1630093,complete,playbyplay_inferred,201496|201516|202664|1627674|1628922,complete,playbyplay_inferred,1611661329,Chicago Sky
Shot Chart Detail,1042100111,35,1627674,Kahleah Copper,1611661321,Dallas Wings,1,7,5,Made Shot,Layup Shot,2PT Field Goal,Restricted Area,Center(C),Less Than 8 ft.,2,21,4,1,1,20210923,CHI,DAL,2021,104210011135,1750,validated,202664,1,matched,playbyplayv2,1611661329,203866|1627669|1628277|1629481|1630093,complete,playbyplay_inferred,201496|201516|202664|1627674|1628922,complete,playbyplay_inferred,1611661329,Chicago Sky
Shot Chart Detail,1042100111,38,201496,Candace Parker,1611661321,Dallas Wings,1,6,32,Made Shot,Cutting Layup Shot,2PT Field Goal,Restricted Area,Center(C),Less Than 8 ft.,1,-4,12,1,1,20210923,CHI,DAL,2021,104210011138,2080,validated,201516,1,matched,playbyplayv2,1611661329,203866|1627669|1628277|1629481|1630093,complete,playbyplay_inferred,201496|201516|202664|1627674|1628922,complete,playbyplay_inferred,1611661329,Chicago Sky
Shot Chart Detail,1042100111,49,1627674,Kahleah Copper,1611661321,Dallas Wings,1,5,14,Made Shot,Driving Layup Shot,2PT Field Goal,Restricted Area,Center(C),Less Than 8 ft.,1,7,13,1,1,20210923,CHI,DAL,2021,104210011149,2860,validated,201496,1,matched,playbyplayv2,1611661329,203866|1627669|1628277|1629481|1630149,complete,playbyplay_inferred,201496|201516|202664|1627674|1628922,complete,playbyplay_inferred,1611661329,Chicago Sky
Shot Chart Detail,1042100111,53,201516,Allie Quigley,1611661321,Dallas Wings,1,4,41,Missed Shot,Jump Shot,3PT Field Goal,Above the Break 3,Left Side Center(LC),24+ ft.,23,-99,218,1,0,20210923,CHI,DAL,2021,104210011153,3190,validated,,0,matched,playbyplayv2,1611661329,203866|1627669|1628277|1629481|1630149,complete,playbyplay_inferred,201496|201516|202664|1627674|1628922,complete,playbyplay_inferred,1611661329,Chicago Sky
Shot Chart Detail,1042100111,57,1628922,Azurá Stevens,1611661321,Dallas Wings,1,3,58,Missed Shot,Jump Shot,3PT Field Goal,Left Corner 3,Left Side(L),24+ ft.,22,-221,-2,1,0,20210923,CHI,DAL,2021,104210011157,3620,validated,,0,matched,playbyplayv2,1611661329,203866|1627669|1628277|1629481|1630149,complete,playbyplay_inferred,201496|201516|202664|1627674|1628922,complete,playbyplay_inferred,1611661329,Chicago Sky
Shot Chart Detail,1042100111,68,201496,Candace Parker,1611661321,Dallas Wings,1,3,52,Made Shot,Layup Shot,2PT Field Goal,Restricted Area,Center(C),Less Than 8 ft.,1,-17,9,1,1,20210923,CHI,DAL,2021,104210011168,3680,validated,1627674,1,matched,playbyplayv2,1611661329,204330|1628277|1629481|1629497|1630149,complete,playbyplay_inferred,201496|201516|202664|203828|1627674,complete,playbyplay_inferred,1611661329,Chicago Sky
Shot Chart Detail,1042100111,79,1627674,Kahleah Copper,1611661321,Dallas Wings,1,3,14,Made Shot,Jump Shot,2PT Field Goal,Mid-Range,Right Side(R),16-24 ft.,16,154,49,1,1,20210923,CHI,DAL,2021,104210011179,4060,validated,202664,1,matched,playbyplayv2,1611661329,204330|1628277|1629481|1629497|1630149,complete,playbyplay_inferred,201496|201516|202664|203828|1627674,complete,playbyplay_inferred,1611661329,Chicago Sky
Shot Chart Detail,1042100111,85,201516,Allie Quigley,1611661321,Dallas Wings,1,2,43,Made Shot,Driving Floating Bank Jump Shot,2PT Field Goal,In The Paint (Non-RA),Center(C),Less Than 8 ft.,7,-27,67,1,1,20210923,CHI,DAL,2021,104210011185,4370,validated,201496,1,matched,playbyplayv2,1611661329,204330|1628277|1629481|1629497|1630149,complete,playbyplay_inferred,201496|201516|202664|203828|1627674,complete,playbyplay_inferred,1611661329,Chicago Sky
Shot Chart Detail,1042100111,93,1627674,Kahleah Copper,1611661321,Dallas Wings,1,2,6,Missed Shot,Jump Shot,2PT Field Goal,Mid-Range,Right Side(R),16-24 ft.,19,189,63,1,0,20210923,CHI,DAL,2021,104210011193,4740,validated,,0,matched,playbyplayv2,1611661329,204330|1628277|1629497|1630112|1630149,complete,playbyplay_inferred,201496|202664|203828|1627674|1628890,complete,playbyplay_inferred,1611661329,Chicago Sky
Shot Chart Detail,1042100111,95,1627674,Kahleah Copper,1611661321,Dallas Wings,1,1,50,Made Shot,Pullup Jump shot,2PT Field Goal,Mid-Range,Left Side(L),8-16 ft.,15,-146,46,1,1,20210923,CHI,DAL,2021,104210011195,4900,validated,,0,matched,playbyplayv2,1611661329,204330|1628277|1629497|1630112|1630149,complete,playbyplay_inferred,201496|202664|203828|1627674|1628890,complete,playbyplay_inferred,1611661329,Chicago Sky
Shot Chart Detail,1042100111,99,1627674,Kahleah Copper,1611661321,Dallas Wings,1,1,14,Made Shot,Cutting Layup Shot,2PT Field Goal,Restricted Area,Center(C),Less Than 8 ft.,1,15,9,1,1,20210923,CHI,DAL,2021,104210011199,5260,validated,201496,1,matched,playbyplayv2,1611661329,204330|1628277|1629497|1630112|1630149,complete,playbyplay_inferred,201496|202664|203828|1627674|1628890,complete,playbyplay_inferred,1611661329,Chicago Sky
Shot Chart Detail,1042100111,103,202664,Courtney Vandersloot,1611661321,Dallas Wings,1,0,49,Missed Shot,Jump Shot,2PT Field Goal,In The Paint (Non-RA),Center(C),8-16 ft.,10,8,108,1,0,20210923,CHI,DAL,2021,1042100111103,5510,validated,,0,matched,playbyplayv2,1611661329,204330|1628277|1629497|1630112|1630149,complete,playbyplay_inferred,201496|202664|203828|1627674|1628890,complete,playbyplay_inferred,1611661329,Chicago Sky
Shot Chart Detail,1042100111,107,1628890,Diamond DeShields,1611661321,Dallas Wings,1,0,28,Missed Shot,Jump Shot,3PT Field Goal,Above the Break 3,Right Side Center(RC),24+ ft.,24,191,157,1,0,20210923,CHI,DAL,2021,1042100111107,5720,validated,,0,matched,playbyplayv2,1611661329,204330|1628277|1629497|1630112|1630149,complete,playbyplay_inferred,201496|202664|203828|1627674|1628890,complete,playbyplay_inferred,1611661329,Chicago Sky
Shot Chart Detail,1042100111,111,202664,Courtney Vandersloot,1611661321,Dallas Wings,1,0,0,Made Shot,Driving Layup Shot,2PT Field Goal,Restricted Area,Center(C),Less Than 8 ft.,0,-5,1,1,1,20210923,CHI,DAL,2021,1042100111111,6000,validated,,0,matched,playbyplayv2,1611661329,204330|1628277|1629497|1630112|1630149,complete,playbyplay_inferred,201496|202664|203828|1627674|1628890,complete,playbyplay_inferred,1611661329,Chicago Sky
Shot Chart Detail,1042100111,129,1630389,Dana Evans,1611661321,Dallas Wings,2,9,16,Made Shot,Jump Shot,3PT Field Goal,Left Corner 3,Left Side(L),24+ ft.,22,-224,-16,1,1,20210923,CHI,DAL,2021,1042100111129,6440,validated,1628890,1,matched,playbyplayv2,1611661329,203866|204330|1629481|1629497|1630112,complete,playbyplay_inferred,201516|203828|203838|1628890|1630389,complete,playbyplay_inferred,1611661329,Chicago Sky
Shot Chart Detail,1042100111,133,1628890,Diamond DeShields,1611661321,Dallas Wings,2,8,27,Made Shot,Pullup Jump shot,2PT Field Goal,Mid-Range,Center(C),16-24 ft.,20,-13,208,1,1,20210923,CHI,DAL,2021,1042100111133,6930,validated,,0,matched,playbyplayv2,1611661329,203866|204330|1629481|1629497|1630112,complete,playbyplay_inferred,201516|203828|203838|1628890|1630389,complete,playbyplay_inferred,1611661329,Chicago Sky
Shot Chart Detail,1042100111,136,1628890,Diamond DeShields,1611661321,Dallas Wings,2,7,44,Missed Shot,Driving Layup Shot,2PT Field Goal,Restricted Area,Center(C),Less Than 8 ft.,3,24,20,1,0,20210923,CHI,DAL,2021,1042100111136,7360,validated,,0,matched,playbyplayv2,1611661329,203866|204330|1629481|1629497|1630112,complete,playbyplay_inferred,201516|203828|203838|1628890|1630389,complete,playbyplay_inferred,1611661329,Chicago Sky
Shot Chart Detail,1042100111,159,201516,Allie Quigley,1611661321,Dallas Wings,2,6,38,Made Shot,Jump Shot,3PT Field Goal,Above the Break 3,Left Side Center(LC),24+ ft.,24,-161,183,1,1,20210923,CHI,DAL,2021,1042100111159,8020,validated,201496,1,matched,playbyplayv2,1611661329,203866|1627669|1628277|1629481|1630149,complete,playbyplay_inferred,201496|201516|203828|1627674|1630389,complete,playbyplay_inferred,1611661329,Chicago Sky
Shot Chart Detail,1042100111,171,1627674,Kahleah Copper,1611661321,Dallas Wings,2,5,44,Made Shot,Pullup Jump shot,2PT Field Goal,In The Paint (Non-RA),Center(C),Less Than 8 ft.,7,-16,73,1,1,20210923,CHI,DAL,2021,1042100111171,8560,validated,,0,matched,playbyplayv2,1611661329,203866|1627669|1628277|1629481|1630149,complete,playbyplay_inferred,201496|201516|203828|1627674|1630389,complete,playbyplay_inferred,1611661329,Chicago Sky
Shot Chart Detail,1042100111,179,1627674,Kahleah Copper,1611661321,Dallas Wings,2,5,18,Missed Shot,Jump Shot,3PT Field Goal,Above the Break 3,Center(C),24+ ft.,24,32,238,1,0,20210923,CHI,DAL,2021,1042100111179,8820,validated,,0,matched,playbyplayv2,1611661329,203866|1627669|1628277|1629481|1630149,complete,playbyplay_inferred,201496|201516|202664|1627674|1628922,complete,playbyplay_inferred,1611661329,Chicago Sky
Shot Chart Detail,1042100111,181,1628922,Azurá Stevens,1611661321,Dallas Wings,2,5,13,Missed Shot,Putback Layup Shot,2PT Field Goal,Restricted Area,Center(C),Less Than 8 ft.,0,0,-6,1,0,20210923,CHI,DAL,2021,1042100111181,8870,validated,,0,matched,playbyplayv2,1611661329,203866|1627669|1628277|1629481|1630149,complete,playbyplay_inferred,201496|201516|202664|1627674|1628922,complete,playbyplay_inferred,1611661329,Chicago Sky
Shot Chart Detail,1042100111,183,1628922,Azurá Stevens,1611661321,Dallas Wings,2,5,11,Made Shot,Putback Layup Shot,2PT Field Goal,Restricted Area,Center(C),Less Than 8 ft.,0,0,-6,1,1,20210923,CHI,DAL,2021,1042100111183,8890,validated,,0,matched,playbyplayv2,1611661329,203866|1627669|1628277|1629481|1630149,complete,playbyplay_inferred,201496|201516|202664|1627674|1628922,complete,playbyplay_inferred,1611661329,Chicago Sky
Shot Chart Detail,1042100111,194,201496,Candace Parker,1611661321,Dallas Wings,2,4,29,Missed Shot,Jump Shot,3PT Field Goal,Above the Break 3,Center(C),24+ ft.,24,69,239,1,0,20210923,CHI,DAL,2021,1042100111194,9310,validated,,0,matched,playbyplayv2,1611661329,204330|1627669|1628277|1629481|1630386,complete,playbyplay_inferred,201496|202664|1627674|1628890|1628922,complete,playbyplay_inferred,1611661329,Chicago Sky
Shot Chart Detail,1042100111,200,202664,Courtney Vandersloot,1611661321,Dallas Wings,2,3,55,Missed Shot,Jump Shot,3PT Field Goal,Above the Break 3,Center(C),16-24 ft.,23,21,231,1,0,20210923,CHI,DAL,2021,1042100111200,9650,validated,,0,matched,playbyplayv2,1611661329,204330|1627669|1628277|1629481|1630386,complete,playbyplay_inferred,201496|202664|1627674|1628890|1628922,complete,playbyplay_inferred,1611661329,Chicago Sky
Shot Chart Detail,1042100111,204,1627674,Kahleah Copper,1611661321,Dallas Wings,2,3,37,Missed Shot,Driving Layup Shot,2PT Field Goal,Restricted Area,Center(C),Less Than 8 ft.,0,-9,3,1,0,20210923,CHI,DAL,2021,1042100111204,9830,validated,,0,matched,playbyplayv2,1611661329,204330|1627669|1628277|1629481|1630386,complete,playbyplay_inferred,201496|202664|1627674|1628890|1628922,complete,playbyplay_inferred,1611661329,Chicago Sky
Shot Chart Detail,1042100111,206,1628890,Diamond DeShields,1611661321,Dallas Wings,2,3,34,Missed Shot,Putback Layup Shot,2PT Field Goal,Restricted Area,Center(C),Less Than 8 ft.,0,0,-6,1,0,20210923,CHI,DAL,2021,1042100111206,9860,validated,,0,matched,playbyplayv2,1611661329,204330|1627669|1628277|1629481|1630386,complete,playbyplay_inferred,201496|202664|1627674|1628890|1628922,complete,playbyplay_inferred,1611661329,Chicago Sky
Shot Chart Detail,1042100111,208,1628890,Diamond DeShields,1611661321,Dallas Wings,2,3,24,Missed Shot,Jump Shot,2PT Field Goal,In The Paint (Non-RA),Center(C),8-16 ft.,11,1,110,1,0,20210923,CHI,DAL,2021,1042100111208,9960,validated,,0,matched,playbyplayv2,1611661329,204330|1627669|1628277|1629481|1630386,complete,playbyplay_inferred,201496|202664|1627674|1628890|1628922,complete,playbyplay_inferred,1611661329,Chicago Sky
Shot Chart Detail,1042100111,215,201516,Allie Quigley,1611661321,Dallas Wings,2,3,1,Missed Shot,Pullup Jump shot,3PT Field Goal,Above the Break 3,Left Side Center(LC),24+ ft.,23,-106,215,1,0,20210923,CHI,DAL,2021,1042100111215,10190,validated,,0,matched,playbyplayv2,1611661329,204330|1627669|1628277|1629481|1630386,complete,playbyplay_inferred,201496|201516|202664|1627674|1628922,complete,playbyplay_inferred,1611661329,Chicago Sky
Shot Chart Detail,1042100111,225,1627674,Kahleah Copper,1611661321,Dallas Wings,2,2,20,Missed Shot,Jump Shot,2PT Field Goal,Mid-Range,Left Side(L),8-16 ft.,15,-155,34,1,0,20210923,CHI,DAL,2021,1042100111225,10600,validated,,0,matched,playbyplayv2,1611661329,204330|1627669|1628277|1629481|1630386,complete,playbyplay_inferred,201496|201516|202664|1627674|1628922,complete,playbyplay_inferred,1611661329,Chicago Sky
Shot Chart Detail,1042100111,229,202664,Courtney Vandersloot,1611661321,Dallas Wings,2,1,45,Made Shot,Driving Layup Shot,2PT Field Goal,Restricted Area,Center(C),Less Than 8 ft.,0,-3,4,1,1,20210923,CHI,DAL,2021,1042100111229,10950,validated,1627674,1,matched,playbyplayv2,1611661329,204330|1627669|1628277|1629481|1630386,complete,playbyplay_inferred,201496|201516|202664|1627674|1628922,complete,playbyplay_inferred,1611661329,Chicago Sky
Shot Chart Detail,1042100111,236,201516,Allie Quigley,1611661321,Dallas Wings,2,1,11,Made Shot,Jump Shot,3PT Field Goal,Above the Break 3,Left Side Center(LC),24+ ft.,26,-126,228,1,1,20210923,CHI,DAL,2021,1042100111236,11290,validated,201496,1,matched,playbyplayv2,1611661329,204330|1627669|1628277|1629481|1630386,complete,playbyplay_inferred,201496|201516|202664|1627674|1628922,complete,playbyplay_inferred,1611661329,Chicago Sky
Shot Chart Detail,1042100111,240,201496,Candace Parker,1611661321,Dallas Wings,2,0,38,Missed Shot,Cutting Layup Shot,2PT Field Goal,Restricted Area,Center(C),Less Than 8 ft.,1,-13,4,1,0,20210923,CHI,DAL,2021,1042100111240,11620,validated,,0,matched,playbyplayv2,1611661329,204330|1627669|1628277|1629481|1630386,complete,playbyplay_inferred,201496|201516|202664|1627674|1628922,complete,playbyplay_inferred,1611661329,Chicago Sky
Shot Chart Detail,1042100111,243,201496,Candace Parker,1611661321,Dallas Wings,2,0,9,Missed Shot,Driving Layup Shot,2PT Field Goal,Restricted Area,Center(C),Less Than 8 ft.,2,21,-4,1,0,20210923,CHI,DAL,2021,1042100111243,11910,validated,,0,matched,playbyplayv2,1611661329,204330|1627669|1628277|1629481|1630386,complete,playbyplay_inferred,201496|201516|202664|1627674|1628922,complete,playbyplay_inferred,1611661329,Chicago Sky
Shot Chart Detail,1042100111,245,202664,Courtney Vandersloot,1611661321,Dallas Wings,2,0,8,Made Shot,Putback Layup Shot,2PT Field Goal,Restricted Area,Center(C),Less Than 8 ft.,0,0,-6,1,1,20210923,CHI,DAL,2021,1042100111245,11920,validated,,0,matched,playbyplayv2,1611661329,204330|1627669|1628277|1629481|1630386,complete,playbyplay_inferred,201496|201516|202664|1627674|1628922,complete,playbyplay_inferred,1611661329,Chicago Sky
Shot Chart Detail,1042100111,252,202664,Courtney Vandersloot,1611661321,Dallas Wings,3,9,31,Missed Shot,Pullup Jump shot,2PT Field Goal,In The Paint (Non-RA),Center(C),8-16 ft.,10,-33,96,1,0,20210923,CHI,DAL,2021,1042100111252,12290,validated,,0,matched,playbyplayv2,1611661329,204330|1627669|1628277|1629481|1630149,complete,playbyplay_inferred,201496|201516|202664|1627674|1628922,complete,playbyplay_inferred,1611661329,Chicago Sky
Shot Chart Detail,1042100111,255,1628922,Azurá Stevens,1611661321,Dallas Wings,3,8,55,Missed Shot,Turnaround Jump Shot,2PT Field Goal,In The Paint (Non-RA),Center(C),8-16 ft.,9,37,86,1,0,20210923,CHI,DAL,2021,1042100111255,12650,validated,,0,matched,playbyplayv2,1611661329,204330|1627669|1628277|1629481|1630149,complete,playbyplay_inferred,201496|201516|202664|1627674|1628922,complete,playbyplay_inferred,1611661329,Chicago Sky
Shot Chart Detail,1042100111,267,201496,Candace Parker,1611661321,Dallas Wings,3,7,37,Missed Shot,Fadeaway Jump Shot,2PT Field Goal,In The Paint (Non-RA),Center(C),Less Than 8 ft.,4,-40,15,1,0,20210923,CHI,DAL,2021,1042100111267,13430,validated,,0,matched,playbyplayv2,1611661329,204330|1627669|1628277|1629481|1630149,complete,playbyplay_inferred,201496|201516|202664|1627674|1628922,complete,playbyplay_inferred,1611661329,Chicago Sky
Shot Chart Detail,1042100111,288,202664,Courtney Vandersloot,1611661321,Dallas Wings,3,6,9,Missed Shot,Pullup Jump shot,3PT Field Goal,Above the Break 3,Right Side Center(RC),16-24 ft.,23,182,144,1,0,20210923,CHI,DAL,2021,1042100111288,14310,validated,,0,matched,playbyplayv2,1611661329,204330|1627669|1628277|1629481|1630149,complete,playbyplay_inferred,201496|201516|202664|1627674|1628922,complete,playbyplay_inferred,1611661329,Chicago Sky
Shot Chart Detail,1042100111,292,1628922,Azurá Stevens,1611661321,Dallas Wings,3,5,43,Made Shot,Driving Layup Shot,2PT Field Goal,Restricted Area,Center(C),Less Than 8 ft.,0,5,6,1,1,20210923,CHI,DAL,2021,1042100111292,14570,validated,,0,matched,playbyplayv2,1611661329,204330|1627669|1628277|1629481|1630149,complete,playbyplay_inferred,201496|201516|202664|1627674|1628922,complete,playbyplay_inferred,1611661329,Chicago Sky
Shot Chart Detail,1042100111,306,1627674,Kahleah Copper,1611661321,Dallas Wings,3,5,13,Made Shot,Driving Layup Shot,2PT Field Goal,Restricted Area,Center(C),Less Than 8 ft.,1,-13,1,1,1,20210923,CHI,DAL,2021,1042100111306,14870,validated,202664,1,matched,playbyplayv2,1611661329,203866|204330|1627669|1628277|1629481,complete,playbyplay_inferred,201496|201516|202664|1627674|1628922,complete,playbyplay_inferred,1611661329,Chicago Sky
Shot Chart Detail,1042100111,318,201516,Allie Quigley,1611661321,Dallas Wings,3,4,48,Missed Shot,Jump Shot,3PT Field Goal,Above the Break 3,Left Side Center(LC),24+ ft.,23,-206,120,1,0,20210923,CHI,DAL,2021,1042100111318,15120,validated,,0,matched,playbyplayv2,1611661329,203866|204330|1628277|1629481|1629497,complete,playbyplay_inferred,201496|201516|202664|1627674|1628922,complete,playbyplay_inferred,1611661329,Chicago Sky
Shot Chart Detail,1042100111,329,1628890,Diamond DeShields,1611661321,Dallas Wings,3,4,8,Missed Shot,Jump Shot,3PT Field Goal,Above the Break 3,Left Side Center(LC),16-24 ft.,23,-188,145,1,0,20210923,CHI,DAL,2021,1042100111329,15520,validated,,0,matched,playbyplayv2,1611661329,203866|204330|1628277|1629481|1629497,complete,playbyplay_inferred,201496|202664|203828|1627674|1628890,complete,playbyplay_inferred,1611661329,Chicago Sky
Shot Chart Detail,1042100111,332,201496,Candace Parker,1611661321,Dallas Wings,3,3,38,Missed Shot,Jump Shot,3PT Field Goal,Above the Break 3,Left Side Center(LC),24+ ft.,24,-178,172,1,0,20210923,CHI,DAL,2021,1042100111332,15820,validated,,0,matched,playbyplayv2,1611661329,203866|204330|1628277|1629481|1629497,complete,playbyplay_inferred,201496|202664|203828|1627674|1628890,complete,playbyplay_inferred,1611661329,Chicago Sky
Shot Chart Detail,1042100111,343,202664,Courtney Vandersloot,1611661321,Dallas Wings,3,3,1,Missed Shot,Jump Shot,2PT Field Goal,Mid-Range,Right Side Center(RC),16-24 ft.,21,109,183,1,0,20210923,CHI,DAL,2021,1042100111343,16190,validated,,0,matched,playbyplayv2,1611661329,203866|1628277|1629481|1629497|1630149,complete,playbyplay_inferred,201496|201516|202664|203828|1628890,complete,playbyplay_inferred,1611661329,Chicago Sky
Shot Chart Detail,1042100111,345,203828,Stefanie Dolson,1611661321,Dallas Wings,3,2,51,Made Shot,Layup Shot,2PT Field Goal,Restricted Area,Center(C),Less Than 8 ft.,1,18,1,1,1,20210923,CHI,DAL,2021,1042100111345,16290,validated,202664,1,matched,playbyplayv2,1611661329,203866|1628277|1629481|1629497|1630149,complete,playbyplay_inferred,201496|201516|202664|203828|1628890,complete,playbyplay_inferred,1611661329,Chicago Sky
Shot Chart Detail,1042100111,354,201516,Allie Quigley,1611661321,Dallas Wings,3,2,2,Missed Shot,Pullup Jump shot,3PT Field Goal,Above the Break 3,Center(C),24+ ft.,24,22,242,1,0,20210923,CHI,DAL,2021,1042100111354,16780,validated,,0,matched,playbyplayv2,1611661329,203866|1628277|1629481|1629497|1630149,complete,playbyplay_inferred,201516|202664|203828|203838|1628890,complete,playbyplay_inferred,1611661329,Chicago Sky
Shot Chart Detail,1042100111,356,201516,Allie Quigley,1611661321,Dallas Wings,3,1,57,Made Shot,Jump Shot,2PT Field Goal,Mid-Range,Right Side(R),8-16 ft.,12,113,64,1,1,20210923,CHI,DAL,2021,1042100111356,16830,validated,,0,matched,playbyplayv2,1611661329,203866|1628277|1629481|1629497|1630149,complete,playbyplay_inferred,201516|202664|203828|203838|1628890,complete,playbyplay_inferred,1611661329,Chicago Sky
Shot Chart Detail,1042100111,366,201516,Allie Quigley,1611661321,Dallas Wings,3,1,28,Missed Shot,Jump Shot,3PT Field Goal,Above the Break 3,Left Side Center(LC),24+ ft.,25,-113,224,1,0,20210923,CHI,DAL,2021,1042100111366,17120,validated,,0,matched,playbyplayv2,1611661329,204330|1627669|1628277|1629497|1630149,complete,playbyplay_inferred,201516|202664|203828|203838|1628890,complete,playbyplay_inferred,1611661329,Chicago Sky
Shot Chart Detail,1042100111,368,203828,Stefanie Dolson,1611661321,Dallas Wings,3,1,24,Missed Shot,Jump Shot,2PT Field Goal,Mid-Range,Center(C),8-16 ft.,14,40,141,1,0,20210923,CHI,DAL,2021,1042100111368,17160,validated,,0,matched,playbyplayv2,1611661329,204330|1627669|1628277|1629497|1630149,complete,playbyplay_inferred,201516|202664|203828|203838|1628890,complete,playbyplay_inferred,1611661329,Chicago Sky
Shot Chart Detail,1042100111,372,1628890,Diamond DeShields,1611661321,Dallas Wings,3,0,49,Missed Shot,Jump Shot,3PT Field Goal,Above the Break 3,Right Side(R),16-24 ft.,23,218,83,1,0,20210923,CHI,DAL,2021,1042100111372,17510,validated,,0,matched,playbyplayv2,1611661329,204330|1627669|1628277|1629497|1630149,complete,playbyplay_inferred,201516|202664|203828|203838|1628890,complete,playbyplay_inferred,1611661329,Chicago Sky
Shot Chart Detail,1042100111,381,201516,Allie Quigley,1611661321,Dallas Wings,3,0,13,Missed Shot,Jump Shot,3PT Field Goal,Above the Break 3,Center(C),16-24 ft.,23,-15,230,1,0,20210923,CHI,DAL,2021,1042100111381,17870,validated,,0,matched,playbyplayv2,1611661329,204330|1627669|1628277|1629497|1630149,complete,playbyplay_inferred,201516|203828|203838|1628890|1630389,complete,playbyplay_inferred,1611661329,Chicago Sky
Shot Chart Detail,1042100111,383,1630389,Dana Evans,1611661321,Dallas Wings,3,0,0,Missed Shot,Jump Bank Shot,3PT Field Goal,Above the Break 3,Right Side Center(RC),24+ ft.,25,85,241,1,0,20210923,CHI,DAL,2021,1042100111383,18000,validated,,0,matched,playbyplayv2,1611661329,204330|1627669|1628277|1629497|1630149,complete,playbyplay_inferred,201516|203828|203838|1628890|1630389,complete,playbyplay_inferred,1611661329,Chicago Sky
Shot Chart Detail,1042100111,419,1627674,Kahleah Copper,1611661321,Dallas Wings,4,8,15,Made Shot,Cutting Layup Shot,2PT Field Goal,Restricted Area,Center(C),Less Than 8 ft.,1,10,-1,1,1,20210923,CHI,DAL,2021,1042100111419,19050,validated,202664,1,matched,playbyplayv2,1611661329,204330|1628277|1629481|1629497|1630386,complete,playbyplay_inferred,201496|201516|202664|203828|1627674,complete,playbyplay_inferred,1611661329,Chicago Sky
Shot Chart Detail,1042100111,423,201496,Candace Parker,1611661321,Dallas Wings,4,7,40,Made Shot,Layup Shot,2PT Field Goal,Restricted Area,Center(C),Less Than 8 ft.,1,17,6,1,1,20210923,CHI,DAL,2021,1042100111423,19400,validated,,0,matched,playbyplayv2,1611661329,204330|1628277|1629481|1629497|1630386,complete,playbyplay_inferred,201496|201516|202664|203828|1627674,complete,playbyplay_inferred,1611661329,Chicago Sky
Shot Chart Detail,1042100111,437,201496,Candace Parker,1611661321,Dallas Wings,4,6,38,Made Shot,Cutting Layup Shot,2PT Field Goal,Restricted Area,Center(C),Less Than 8 ft.,1,-13,-5,1,1,20210923,CHI,DAL,2021,1042100111437,20020,validated,201516,1,matched,playbyplayv2,1611661329,204330|1627669|1628277|1629481|1630149,complete,playbyplay_inferred,201496|201516|202664|203828|1627674,complete,playbyplay_inferred,1611661329,Chicago Sky
Shot Chart Detail,1042100111,441,201516,Allie Quigley,1611661321,Dallas Wings,4,5,58,Made Shot,Jump Shot,3PT Field Goal,Above the Break 3,Right Side Center(RC),24+ ft.,24,220,111,1,1,20210923,CHI,DAL,2021,1042100111441,20420,validated,,0,matched,playbyplayv2,1611661329,204330|1627669|1628277|1629481|1630149,complete,playbyplay_inferred,201496|201516|202664|203828|1627674,complete,playbyplay_inferred,1611661329,Chicago Sky
Shot Chart Detail,1042100111,443,1627674,Kahleah Copper,1611661321,Dallas Wings,4,5,16,Made Shot,Driving Layup Shot,2PT Field Goal,Restricted Area,Center(C),Less Than 8 ft.,2,12,16,1,1,20210923,CHI,DAL,2021,1042100111443,20840,validated,201496,1,matched,playbyplayv2,1611661329,204330|1627669|1628277|1629481|1630149,complete,playbyplay_inferred,201496|201516|202664|203828|1627674,complete,playbyplay_inferred,1611661329,Chicago Sky
Shot Chart Detail,1042100111,453,203828,Stefanie Dolson,1611661321,Dallas Wings,4,4,35,Missed Shot,Jump Shot,3PT Field Goal,Above the Break 3,Right Side Center(RC),24+ ft.,23,102,217,1,0,20210923,CHI,DAL,2021,1042100111453,21250,validated,,0,matched,playbyplayv2,1611661329,204330|1627669|1628277|1629481|1630149,complete,playbyplay_inferred,201496|201516|202664|203828|1628890,complete,playbyplay_inferred,1611661329,Chicago Sky
Shot Chart Detail,1042100111,455,201496,Candace Parker,1611661321,Dallas Wings,4,4,30,Missed Shot,Driving Layup Shot,2PT Field Goal,Restricted Area,Center(C),Less Than 8 ft.,2,11,21,1,0,20210923,CHI,DAL,2021,1042100111455,21300,validated,,0,matched,playbyplayv2,1611661329,204330|1627669|1628277|1629481|1630149,complete,playbyplay_inferred,201496|201516|202664|203828|1628890,complete,playbyplay_inferred,1611661329,Chicago Sky
Shot Chart Detail,1042100111,458,201516,Allie Quigley,1611661321,Dallas Wings,4,4,6,Made Shot,Driving Floating Jump Shot,2PT Field Goal,Restricted Area,Center(C),Less Than 8 ft.,3,-10,37,1,1,20210923,CHI,DAL,2021,1042100111458,21540,validated,,0,matched,playbyplayv2,1611661329,204330|1627669|1628277|1629481|1630149,complete,playbyplay_inferred,201496|201516|202664|203828|1628890,complete,playbyplay_inferred,1611661329,Chicago Sky
Shot Chart Detail,1042100111,461,201496,Candace Parker,1611661321,Dallas Wings,4,3,35,Missed Shot,Driving Floating Jump Shot,2PT Field Goal,In The Paint (Non-RA),Center(C),Less Than 8 ft.,4,32,26,1,0,20210923,CHI,DAL,2021,1042100111461,21850,validated,,0,matched,playbyplayv2,1611661329,204330|1627669|1628277|1629481|1630149,complete,playbyplay_inferred,201496|201516|202664|203828|1628890,complete,playbyplay_inferred,1611661329,Chicago Sky
Shot Chart Detail,1042100111,468,1628890,Diamond DeShields,1611661321,Dallas Wings,4,2,52,Missed Shot,Floating Jump shot,2PT Field Goal,In The Paint (Non-RA),Center(C),8-16 ft.,9,16,96,1,0,20210923,CHI,DAL,2021,1042100111468,22280,validated,,0,matched,playbyplayv2,1611661329,204330|1627669|1628277|1629481|1630386,complete,playbyplay_inferred,201496|201516|202664|203828|1628890,complete,playbyplay_inferred,1611661329,Chicago Sky
Shot Chart Detail,1042100111,473,201496,Candace Parker,1611661321,Dallas Wings,4,2,43,Missed Shot,Layup Shot,2PT Field Goal,Restricted Area,Center(C),Less Than 8 ft.,1,9,11,1,0,20210923,CHI,DAL,2021,1042100111473,22370,validated,,0,matched,playbyplayv2,1611661329,204330|1627669|1628277|1629481|1630386,complete,playbyplay_inferred,201496|201516|202664|203828|1628890,complete,playbyplay_inferred,1611661329,Chicago Sky
Shot Chart Detail,1042100111,475,201496,Candace Parker,1611661321,Dallas Wings,4,2,40,Missed Shot,Putback Layup Shot,2PT Field Goal,Restricted Area,Center(C),Less Than 8 ft.,0,0,-6,1,0,20210923,CHI,DAL,2021,1042100111475,22400,validated,,0,matched,playbyplayv2,1611661329,204330|1627669|1628277|1629481|1630386,complete,playbyplay_inferred,201496|201516|202664|203828|1628890,complete,playbyplay_inferred,1611661329,Chicago Sky
Shot Chart Detail,1042100111,495,202664,Courtney Vandersloot,1611661321,Dallas Wings,4,1,52,Made Shot,Cutting Layup Shot,2PT Field Goal,Restricted Area,Center(C),Less Than 8 ft.,1,10,17,1,1,20210923,CHI,DAL,2021,1042100111495,22880,validated,201516,1,matched,playbyplayv2,1611661329,204330|1629481|1629497|1630112|1630149,complete,playbyplay_inferred,201496|201516|202664|203828|1627674,complete,playbyplay_inferred,1611661329,Chicago Sky
Shot Chart Detail,1042100111,499,202664,Courtney Vandersloot,1611661321,Dallas Wings,4,1,15,Made Shot,Driving Layup Shot,2PT Field Goal,Restricted Area,Center(C),Less Than 8 ft.,1,-7,10,1,1,20210923,CHI,DAL,2021,1042100111499,23250,validated,,0,matched,playbyplayv2,1611661329,204330|1629481|1629497|1630112|1630149,complete,playbyplay_inferred,201496|201516|202664|203828|1627674,complete,playbyplay_inferred,1611661329,Chicago Sky
Shot Chart Detail,1042100111,504,202664,Courtney Vandersloot,1611661321,Dallas Wings,4,0,47,Made Shot,Driving Floating Bank Jump Shot,2PT Field Goal,Mid-Range,Right Side(R),8-16 ft.,10,93,48,1,1,20210923,CHI,DAL,2021,1042100111504,23530,validated,,0,matched,playbyplayv2,1611661329,204330|1629481|1629497|1630112|1630149,complete,playbyplay_inferred,201496|201516|202664|203828|1627674,complete,playbyplay_inferred,1611661329,Chicago Sky
